Country,League,Date,Time,Home,Away,PSH,PSD,PSA,MaxH,MaxD,MaxA,AvgH,AvgD,AvgA,BFEH,BFED,BFEA,B365H,B365D,B365A
Brazil,Serie A,07/10/2026,23:30,Bragantino,Mirassol,,,,1.83,3.8,4.5,1.79,3.66,4.11,1.85,3.85,4.4,1.76,3.5,4.5
Brazil,Serie A,07/10/2026,23:30,Internacional,Corinthians,,,,2.25,3.3,3.5,2.16,3.23,3.3,2.32,3.3,3.45,2.15,3.25,3.5
Brazil,Serie A,07/10/2026,23:30,Remo,Gremio,,,,2.35,3.4,3.25,2.27,3.35,2.97,2.36,3.5,3.1,2.25,3.3,3.25
Brazil,Serie A,08/10/2026,00:00,Vitoria,Chapecoense-SC,,,,1.7,3.9,5.25,1.67,3.77,4.79,1.71,3.95,5.3,1.62,3.8,5.25
Brazil,Serie A,08/10/2026,00:30,Botafogo RJ,Vasco,,,,2.75,3.5,2.5,2.68,3.44,2.43,2.8,3.6,2.52,2.7,3.4,2.45
Brazil,Serie A,08/10/2026,01:30,Cruzeiro,Sao Paulo,,,,1.94,3.6,4.2,1.86,3.48,4,1.93,3.65,4.3,1.81,3.6,4.2
Brazil,Serie A,08/10/2026,23:30,Santos,Flamengo RJ,,,,4.5,3.75,1.87,4.01,3.64,1.81,3.6,3.8,1.85,4.5,3.6,1.76
Brazil,Serie A,09/10/2026,00:00,Athletico-PR,Atletico-MG,,,,2.1,3.4,4,2.06,3.25,3.53,2.1,3.25,3.8,2.05,3.4,3.6
Brazil,Serie A,09/10/2026,01:30,Fluminense,Coritiba,,,,1.51,4.33,7.5,1.47,4.14,6.5,1.41,3.85,6,1.45,4.1,7.5
Brazil,Serie A,09/10/2026,01:30,Palmeiras,Bahia,,,,1.57,4.33,6,1.54,4.16,5.4,1.6,4.4,5.6,1.53,4,6
Finland,Veikkausliiga,07/10/2026,17:00,Gnistan,Inter Turku,,,,4,3.8,1.85,3.87,3.6,1.78,4.4,3.9,1.83,4,3.5,1.75
Finland,Veikkausliiga,08/10/2026,16:00,HJK,VPS,,,,1.6,4.1,5.25,1.55,3.95,4.98,1.59,4.3,5.7,1.6,3.8,4.75
Finland,Veikkausliiga,08/10/2026,17:00,KuPS,AC Oulu,,,,1.58,4,5.5,1.54,3.8,5.13,1.62,4,6,1.57,3.75,5
Ireland,Premier Division,08/10/2026,20:00,Shamrock Rovers,Drogheda,,,,1.4,4.5,7.7,1.38,4.34,6.91,,,,1.4,4.2,7
Romania,Superliga,08/10/2026,18:30,CFR Cluj,U. Cluj,,,,2.45,3.5,2.8,2.32,3.33,2.69,2.36,3.5,2.84,2.25,3.25,2.8
USA,MLS,07/10/2026,01:30,Chicago Fire,Vancouver Whitecaps,,,,2.92,4,2.3,2.81,3.77,2.17,3.05,4,2.28,2.85,4,2.15
