league,season,market,benchmark,n,model_brier,benchmark_brier,delta_brier,brier_ci_low,brier_ci_high,model_logloss,benchmark_logloss,delta_logloss,logloss_ci_low,logloss_ci_high,brier_skill,model_reliability,model_resolution,model_uncertainty,benchmark_reliability,benchmark_resolution,benchmark_uncertainty
Bundesliga,2024/25,GG/NG,train,306,0.23736096007177332,0.24658251100004272,-0.0092215509282694,-0.020422598116294273,0.003233955995834221,0.749958372528696,0.686375083709249,0.06358328881944697,-0.04208451775332006,0.272780355925814,0.0373974248654958,0.004246407773303425,0.010309908359743632,0.24529027297193387,0.0012922380281088458,0.0,0.24529027297193387
Bundesliga,2024/25,GG/NG,expanding,306,0.23736096007177332,0.24758671356196846,-0.010225753490195139,-0.021532801470089784,0.0021425444508273474,0.749958372528696,0.6885022769537883,0.06145609557490772,-0.04399528433833501,0.270628455457171,0.04130170534226074,0.004246407773303425,0.010309908359743632,0.24529027297193387,0.0010243755218145886,6.151480199923109e-05,0.24529027297193387
Bundesliga,2024/25,GG/NG,expanding_no_shrink,306,0.23736096007177332,0.24979964313148906,-0.012438683059715738,-0.023960654138204227,0.00017860598172667156,0.749958372528696,0.7744305868438391,-0.024472214315143126,-0.26947175945454344,0.23796728558988,0.049794639030642185,0.004246407773303425,0.010309908359743632,0.24529027297193387,0.004422721975831344,0.002080495910424337,0.24529027297193387
Bundesliga,2024/25,GG/NG,ORACOLO,306,0.23736096007177332,0.24529027297193384,-0.007929312900160523,-0.019057159616599588,0.004034879624890871,0.749958372528696,0.6836979259892141,0.06626044653948193,-0.039607452784697864,0.274498073055823,0.032326242716798625,0.004246407773303425,0.010309908359743632,0.24529027297193387,1.232595164407831e-32,0.0,0.24529027297193387
Bundesliga,2024/25,OU2.5,train,306,0.22824235870872683,0.24065530351574177,-0.012412944807014936,-0.026508377414982503,0.0024562328038097267,0.6479417834247317,0.6743593241512126,-0.026417540726480837,-0.057397239376627295,0.005858943674068241,0.051579768347814414,0.011825899993265757,0.021060904249084817,0.24038831218762016,0.00026699132812166434,0.0,0.24038831218762016
Bundesliga,2024/25,OU2.5,expanding,306,0.22824235870872683,0.24257534291541794,-0.014332984206691102,-0.028420806928265974,0.00012321595605599108,0.6479417834247317,0.6784572690367259,-0.03051548561199413,-0.06106926984437293,0.0009388548988711664,0.05908673171159351,0.011825899993265757,0.021060904249084817,0.24038831218762016,0.0015323419775573124,0.00037423725071469155,0.24038831218762016
Bundesliga,2024/25,OU2.5,expanding_no_shrink,306,0.22824235870872683,0.24504122227696734,-0.016798863568240507,-0.030938474935119076,-0.002073768943601832,0.6479417834247317,0.7651749514878711,-0.11723316806313933,-0.3121897414948556,-0.010348853132618855,0.06855525536537255,0.011825899993265757,0.021060904249084817,0.24038831218762016,0.005779429184782453,0.0023041288077792345,0.24038831218762016
Bundesliga,2024/25,OU2.5,ORACOLO,306,0.22824235870872683,0.24038831218762016,-0.012145953478893329,-0.02650904973759577,0.0024310826129379445,0.6479417834247317,0.6737986912308535,-0.02585690780612171,-0.05699961116109346,0.00630527182986253,0.05052638944198573,0.011825899993265757,0.021060904249084817,0.24038831218762016,0.0,0.0,0.24038831218762016
Bundesliga,2025/26,GG/NG,train,306,0.24975455242375888,0.23678689582829018,0.012967656595468696,0.001274497443265832,0.024237177045614375,0.7750543266179866,0.6665132861980283,0.10854104041995827,0.0026229721960379627,0.30274256652253095,-0.05476509394705853,0.020052919766488726,0.007775195095251092,0.236159169550173,0.0006277262781171508,0.0,0.236159169550173
Bundesliga,2025/26,GG/NG,expanding,306,0.24975455242375888,0.23840347229651265,0.011351080127246227,0.0004500972637085689,0.02221651835637673,0.7750543266179866,0.6698523592874318,0.10520196733055476,0.0003355863346325622,0.29946308648408737,-0.047612897655820996,0.020052919766488726,0.007775195095251092,0.236159169550173,0.0014718096944906444,9.129692851201898e-06,0.236159169550173
Bundesliga,2025/26,GG/NG,expanding_no_shrink,306,0.24975455242375888,0.24273999510097044,0.0070145573227884395,-0.005152183521499697,0.019257420806118246,0.7750543266179866,0.762424236095048,0.01263009052293862,-0.24008027628277376,0.26478247515317826,-0.02889741066308682,0.020052919766488726,0.007775195095251092,0.236159169550173,0.005468877373602396,0.0005929969463557339,0.236159169550173
Bundesliga,2025/26,GG/NG,ORACOLO,306,0.24975455242375888,0.23615916955017302,0.01359538287358586,-9.986446527560776e-05,0.026718864636557087,0.7750543266179866,0.6652042646399301,0.10985006197805647,0.0009729647149918174,0.3063528258976874,-0.05756872747935993,0.020052919766488726,0.007775195095251092,0.236159169550173,0.0,0.0,0.236159169550173
Bundesliga,2025/26,OU2.5,train,306,0.2372445446749997,0.23196325250022543,0.005281292174774271,-0.007702208160830693,0.018634416843201565,0.665870706733212,0.6566812717072772,0.009189435025934833,-0.018221975168712275,0.037202112501653346,-0.022767796699906695,0.015093666434523813,0.009336776008593792,0.2311610918877355,0.0008021606124899693,0.0,0.2311610918877355
Bundesliga,2025/26,OU2.5,expanding,306,0.2372445446749997,0.23330147642670332,0.0039430682482963775,-0.01042674991370909,0.018837087387518214,0.665870706733212,0.6596428400035055,0.006227866729706544,-0.0242142866058686,0.037509178164889405,-0.016901171431442652,0.015093666434523813,0.009336776008593792,0.2311610918877355,0.001719300697482546,0.001331455114993603,0.2311610918877355
Bundesliga,2025/26,OU2.5,expanding_no_shrink,306,0.2372445446749997,0.23513192680107,0.0021126178739296897,-0.015904576180844468,0.020225486787441932,0.665870706733212,0.744493738451571,-0.07862303171835894,-0.29650158509493446,0.04280622064650615,-0.00898481929983519,0.015093666434523813,0.009336776008593792,0.2311610918877355,0.00576749641978303,0.003342246740370483,0.2311610918877355
Bundesliga,2025/26,OU2.5,ORACOLO,306,0.2372445446749997,0.23116109188773554,0.00608345278726416,-0.008601017386212207,0.02118307838247736,0.665870706733212,0.6549812906268915,0.010889416106320549,-0.019910470989438895,0.04267418739430949,-0.026316940872638694,0.015093666434523813,0.009336776008593792,0.2311610918877355,0.0,0.0,0.2311610918877355
La Liga,2024/25,GG/NG,train,380,0.2546417117847194,0.2501125346260388,0.0045291771586806195,-0.0034893923642798446,0.012539762315050336,0.702983096773223,0.6933722503355723,0.009610846437650755,-0.006873057133889859,0.026044993747152106,-0.018108557275837933,0.010686821010660609,0.002678924773704008,0.24822714681440444,0.0018853878116343655,0.0,0.24822714681440444
La Liga,2024/25,GG/NG,expanding,380,0.2546417117847194,0.2502680662128034,0.004373645571915996,-0.006575156448926774,0.015488316688985568,0.702983096773223,0.6937509988335723,0.00923209793965074,-0.013128035630672687,0.03210595301118098,-0.017475843554874748,0.010686821010660609,0.002678924773704008,0.24822714681440444,0.001454012877398064,0.0006056692978984861,0.24822714681440444
La Liga,2024/25,GG/NG,expanding_no_shrink,380,0.2546417117847194,0.25180173371922365,0.0028399780654957407,-0.012312943584438527,0.018140327033648432,0.702983096773223,0.7622319066835013,-0.059248809910278255,-0.21608247869693414,0.03745292269242872,-0.011278627925026541,0.010686821010660609,0.002678924773704008,0.24822714681440444,0.007699916638713428,0.005279322708685591,0.24822714681440444
La Liga,2024/25,GG/NG,ORACOLO,380,0.2546417117847194,0.24822714681440441,0.006414564970314979,-0.003977506625398632,0.01695467909464564,0.702983096773223,0.6895972715783742,0.013385825194848766,-0.007936415441747623,0.03492766314392529,-0.025841512713800974,0.010686821010660609,0.002678924773704008,0.24822714681440444,0.0,0.0,0.24822714681440444
La Liga,2024/25,OU2.5,train,380,0.245068432653078,0.25016620498614955,-0.005097772333071543,-0.016558494749874513,0.00681017758540642,0.683113594553888,0.6934813637802455,-0.010367769226357515,-0.034319293609364004,0.014517651773308462,0.02037754193598529,0.007358614053769109,0.011319732350258951,0.24982686980609414,0.0003393351800554017,0.0,0.24982686980609414
La Liga,2024/25,OU2.5,expanding,380,0.245068432653078,0.2518286994576733,-0.006760266804595266,-0.018033176751614387,0.005120344511736986,0.683113594553888,0.6968122467325045,-0.013698652178616544,-0.03732988523036813,0.011045299830621818,0.026844703638441048,0.007358614053769109,0.011319732350258951,0.24982686980609414,0.002466011575732718,0.001992214675116053,0.24982686980609414
La Liga,2024/25,OU2.5,expanding_no_shrink,380,0.245068432653078,0.2546346733882304,-0.009566240735152415,-0.021518872956562327,0.0029474530832762223,0.683113594553888,0.7689239657774177,-0.08581037122352975,-0.25235236608938216,0.0049023194237687185,0.03756849217689684,0.007358614053769109,0.011319732350258951,0.24982686980609414,0.005245049083400429,0.00234615662248369,0.24982686980609414
La Liga,2024/25,OU2.5,ORACOLO,380,0.245068432653078,0.24982686980609412,-0.004758437153016104,-0.016365389088193447,0.007172040266468216,0.683113594553888,0.6928008801956399,-0.00968728564175192,-0.03388979559534947,0.015210071492102208,0.019046939013042996,0.007358614053769109,0.011319732350258951,0.24982686980609414,1.232595164407831e-32,0.0,0.24982686980609414
La Liga,2025/26,GG/NG,train,380,0.25411580651753124,0.24844182825484762,0.005673978262683621,-0.003797655147359463,0.015700771469383198,0.7022068445408819,0.6900301573806179,0.012176687160263988,-0.00791034424200795,0.03427543749603789,-0.022838256756279263,0.015331320365306409,0.009397536904462114,0.24567174515235457,0.002770083102493057,0.0,0.24567174515235457
La Liga,2025/26,GG/NG,expanding,380,0.25411580651753124,0.24777078032262437,0.006345026194906872,-0.004952770750304848,0.018467691317805974,0.7022068445408819,0.6886979376434995,0.013508906897382378,-0.010332841037961966,0.03868449540527087,-0.025608452242209312,0.015331320365306409,0.009397536904462114,0.24567174515235457,0.0010570345891881413,0.0004974638025420446,0.24567174515235457
La Liga,2025/26,GG/NG,expanding_no_shrink,380,0.25411580651753124,0.25112672857009144,0.0029890779474398,-0.009210988477587676,0.01580070451835733,0.7022068445408819,0.762483436757654,-0.06027659221677206,-0.22585299437578985,0.030291146555473273,-0.011902667487684537,0.015331320365306409,0.009397536904462114,0.24567174515235457,0.006983726422533313,0.003253266891485006,0.24567174515235457
La Liga,2025/26,GG/NG,ORACOLO,380,0.25411580651753124,0.24567174515235454,0.008444061365176697,-0.003848649526358493,0.021837759011078706,0.7022068445408819,0.6844655178755809,0.017741326665301038,-0.008079381981346653,0.046169484062747505,-0.034371316733798896,0.015331320365306409,0.009397536904462114,0.24567174515235457,0.0,0.0,0.24567174515235457
La Liga,2025/26,OU2.5,train,380,0.25104991895753415,0.25064712219144347,0.00040279676609067394,-0.011530598778672664,0.012899237949063759,0.6952832427982216,0.6944431029075757,0.0008401398906459079,-0.024221591536458736,0.02719177129370541,-0.0016070272922703577,0.01132851567787067,0.01063842758406544,0.25,0.0006471221914435223,0.0,0.25
La Liga,2025/26,OU2.5,expanding,380,0.25104991895753415,0.25201305465410045,-0.0009631356965663085,-0.013121769282677484,0.01156849049201546,0.6952832427982216,0.6971884269118633,-0.0019051841136417114,-0.027208042204734193,0.024532566745153507,0.003821769066242431,0.01132851567787067,0.01063842758406544,0.25,0.0025233882710599584,0.0011993603411513836,0.25
La Liga,2025/26,OU2.5,expanding_no_shrink,380,0.25104991895753415,0.2555422437562535,-0.00449232479871936,-0.01738670982273771,0.008426208206509361,0.6952832427982216,0.7713938898206123,-0.07611064702239068,-0.23541049709685816,0.015216531299704118,0.017579577969912163,0.01132851567787067,0.01063842758406544,0.25,0.008311884519133393,0.0030591077549678085,0.25
La Liga,2025/26,OU2.5,ORACOLO,380,0.25104991895753415,0.25,0.001049918957534146,-0.01150441455582036,0.014007837717872833,0.6952832427982216,0.6931471805599454,0.002136062238276226,-0.02409077615227034,0.029643886089103292,-0.004199675830136584,0.01132851567787067,0.01063842758406544,0.25,0.0,0.0,0.25
Ligue 1,2024/25,GG/NG,train,306,0.2496986551888232,0.24532561879395656,0.004373036394866636,-0.006836333296692158,0.01606965496070827,0.6917323736694762,0.6837698207275221,0.007962552941954026,-0.015502294599559768,0.032806024613639066,-0.01782543713275797,0.013465526552299132,0.006969206588184564,0.24529027297193387,3.534582202269314e-05,0.0,0.24529027297193387
Ligue 1,2024/25,GG/NG,expanding,306,0.2496986551888232,0.24755979315659793,0.0021388620322252694,-0.008755453267290226,0.013373250061539459,0.6917323736694762,0.6882973398786487,0.0034350337908274353,-0.019642034903093752,0.027564598998715092,-0.00863977952539452,0.013465526552299132,0.006969206588184564,0.24529027297193387,0.0016998546989097797,0.001089541832020279,0.24529027297193387
Ligue 1,2024/25,GG/NG,expanding_no_shrink,306,0.2496986551888232,0.25091612211788406,-0.0012174669290608564,-0.013696909885865253,0.011285214223546274,0.6917323736694762,0.7776596774100423,-0.08592730374056612,-0.2913219739658498,0.018516750570585484,0.00485208729827602,0.013465526552299132,0.006969206588184564,0.24529027297193387,0.00624526349604762,0.002178817863574738,0.24529027297193387
Ligue 1,2024/25,GG/NG,ORACOLO,306,0.2496986551888232,0.24529027297193384,0.004408382216889356,-0.0071578171515371625,0.016541267169822273,0.6917323736694762,0.6836979259892141,0.008034447680262069,-0.016059785377527943,0.033487091359128,-0.017972103677318607,0.013465526552299132,0.006969206588184564,0.24529027297193387,1.232595164407831e-32,0.0,0.24529027297193387
Ligue 1,2024/25,OU2.5,train,306,0.24791111918146827,0.246969091676654,0.0009420275048142579,-0.009462735579360986,0.011919641916546746,0.6892657115826458,0.687073749185192,0.002191962397453784,-0.019758100556424414,0.025461110474213875,-0.0038143538465438276,0.00937540678116424,0.006839842217508676,0.24691358024691357,5.551142974042262e-05,0.0,0.24691358024691357
Ligue 1,2024/25,OU2.5,expanding,306,0.24791111918146827,0.24919204628790956,-0.0012809271064412875,-0.011732149763298089,0.00956340207199073,0.6892657115826458,0.6915632173550474,-0.00229750577240162,-0.024056697169429004,0.02019514891785044,0.00514032099147077,0.00937540678116424,0.006839842217508676,0.24691358024691357,0.0004012491348217897,6.673340006673334e-05,0.24691358024691357
Ligue 1,2024/25,OU2.5,expanding_no_shrink,306,0.24791111918146827,0.25261166260206364,-0.0047005434205953656,-0.015837565290080617,0.006678592360083027,0.6892657115826458,0.7810199083307665,-0.09175419674812069,-0.2950999856011599,0.012087266445510869,0.018607784661154314,0.00937540678116424,0.006839842217508676,0.24691358024691357,0.008067096863673046,0.0043521406879250026,0.24691358024691357
Ligue 1,2024/25,OU2.5,ORACOLO,306,0.24791111918146827,0.2469135802469136,0.000997538934554676,-0.009822012254088,0.012296403109527015,0.6892657115826458,0.6869615765973234,0.002304134985322448,-0.020590894666296586,0.026079560231686925,-0.004040032684946349,0.00937540678116424,0.006839842217508676,0.24691358024691357,1.232595164407831e-32,0.0,0.24691358024691357
Ligue 1,2025/26,GG/NG,train,306,0.25047259831721397,0.2533189828133821,-0.0028463844961681417,-0.010859739104463355,0.005451580090577678,0.6944672298293494,0.6998457696937425,-0.005378539864393073,-0.021756808230097402,0.011830806063848053,0.011236364778335783,0.0028008834940856596,0.0015417897175331607,0.24995728138750054,0.003361701425881505,0.0,0.24995728138750054
Ligue 1,2025/26,GG/NG,expanding,306,0.25047259831721397,0.2524692801196291,-0.0019966818024151345,-0.010477583381779482,0.00733368009264754,0.6944672298293494,0.6981024679235105,-0.0036352380941611084,-0.021117824004963266,0.01561961671028406,0.007908612887354227,0.0028008834940856596,0.0015417897175331607,0.24995728138750054,0.004772636291734446,0.0030523107203059025,0.24995728138750054
Ligue 1,2025/26,GG/NG,expanding_no_shrink,306,0.25047259831721397,0.2557582874222386,-0.005285689105024638,-0.01621000801835672,0.006486785624460635,0.6944672298293494,0.7878917267477467,-0.09342449691839727,-0.29598629720969405,0.010305274076923469,0.020666736387307538,0.0028008834940856596,0.0015417897175331607,0.24995728138750054,0.006806712076874229,0.0024877132169219,0.24995728138750054
Ligue 1,2025/26,GG/NG,ORACOLO,306,0.25047259831721397,0.24995728138750045,0.0005153169297135163,-0.007562561700322159,0.009396726138682473,0.6944672298293494,0.6930617409016069,0.0014054889277425042,-0.01551203956032966,0.019846553596796174,-0.002061619997037134,0.0028008834940856596,0.0015417897175331607,0.24995728138750054,0.0,0.0,0.24995728138750054
Ligue 1,2025/26,OU2.5,train,306,0.2482711988106916,0.2499050223844307,-0.0016338235737390905,-0.012095937150679144,0.008989243351769882,0.6903986495299016,0.6929652538932422,-0.002566604363340552,-0.02462815928872613,0.02064675957386808,0.00653777806524336,0.004165770515779609,0.0030900831042054724,0.24931650220000853,0.0005885201844221619,0.0,0.24931650220000853
Ligue 1,2025/26,OU2.5,expanding,306,0.2482711988106916,0.2516504493659734,-0.003379250555281821,-0.014350833048995868,0.007606433256294222,0.6903986495299016,0.6964634247088931,-0.0060647751789915105,-0.029178740102217358,0.01732209563874671,0.013428350967764069,0.004165770515779609,0.0030900831042054724,0.24931650220000853,0.0017503524512253905,0.0008600261839966036,0.24931650220000853
Ligue 1,2025/26,OU2.5,expanding_no_shrink,306,0.2482711988106916,0.2551282361336784,-0.006857037322986814,-0.020278725221464178,0.0059006429286509446,0.6903986495299016,0.7865011172083328,-0.09610246767843122,-0.30261737345185336,0.010371914471221051,0.026876826441875945,0.004165770515779609,0.0030900831042054724,0.24931650220000853,0.006275544675312447,0.00189033259669222,0.24931650220000853
Ligue 1,2025/26,OU2.5,ORACOLO,306,0.2482711988106916,0.24931650220000853,-0.0010453033893169372,-0.011577492032441867,0.009594607556046734,0.6903986495299016,0.6917795613854466,-0.0013809118555450084,-0.02403245825933798,0.02150715990288657,0.00419267629736908,0.004165770515779609,0.0030900831042054724,0.24931650220000853,0.0,0.0,0.24931650220000853
Premier League,2024/25,GG/NG,train,380,0.24723049061213417,0.24463296398891965,0.0025975266232145244,-0.0043752666242678415,0.009944390800151255,0.6877072962570705,0.6823758398158934,0.0053314564411770515,-0.008987173523372288,0.020335014993041953,-0.010618056458377323,0.004168113794249879,0.0017403325912553017,0.24457063711911356,6.232686980609457e-05,0.0,0.24457063711911356
Premier League,2024/25,GG/NG,expanding,380,0.24723049061213417,0.24649311704987523,0.0007373735622589472,-0.007968343479590788,0.009435462618768733,0.6877072962570705,0.6862232798621907,0.001484016394879828,-0.01620573603731789,0.019242218737222237,-0.0029914570073359403,0.004168113794249879,0.0017403325912553017,0.24457063711911356,0.0015163431596557492,6.723097593434508e-05,0.24457063711911356
Premier League,2024/25,GG/NG,expanding_no_shrink,380,0.24723049061213417,0.2487464232897608,-0.001515932677626619,-0.010974737396972575,0.007687510353799972,0.6877072962570705,0.7564649978754943,-0.06875770161842376,-0.22193712373703137,0.012486109536553932,0.006094289347271298,0.004168113794249879,0.0017403325912553017,0.24457063711911356,0.006921448146409374,0.003826892941916654,0.24457063711911356
Premier League,2024/25,GG/NG,ORACOLO,380,0.24723049061213417,0.24457063711911353,0.002659853493020642,-0.0044048312381687075,0.010280522799489792,0.6877072962570705,0.6822488053634113,0.00545849089365924,-0.009026682923350836,0.021080751256431062,-0.0108756043830609,0.004168113794249879,0.0017403325912553017,0.24457063711911356,1.232595164407831e-32,0.0,0.24457063711911356
Premier League,2024/25,OU2.5,train,380,0.24201758874699578,0.24611495844875342,-0.004097369701757642,-0.01347414800375138,0.005243129071215789,0.6772319355613967,0.6853752297035989,-0.008143294142202162,-0.027736938064140626,0.011294016247420898,0.01664819451683508,0.0034641021006142038,0.008050841040222386,0.24567174515235457,0.0004432132963988994,0.0,0.24567174515235457
Premier League,2024/25,OU2.5,expanding,380,0.24201758874699578,0.24766038903030538,-0.005642800283309601,-0.015251628111888408,0.004311618884187974,0.6772319355613967,0.6885016999918535,-0.011269764430456797,-0.03129599652650131,0.009456692974805876,0.022784427923268402,0.0034641021006142038,0.008050841040222386,0.24567174515235457,0.002732565664752063,0.0012093007404892521,0.24567174515235457
Premier League,2024/25,OU2.5,expanding_no_shrink,380,0.24201758874699578,0.2502192616918613,-0.00820167294486554,-0.018422743074488702,0.002518437738751332,0.6772319355613967,0.760162698185508,-0.08293076262411125,-0.2313619493494822,-0.0003672422676565937,0.03277794398964251,0.0034641021006142038,0.008050841040222386,0.24567174515235457,0.007155316437930369,0.0031586916853537364,0.24567174515235457
Premier League,2024/25,OU2.5,ORACOLO,380,0.24201758874699578,0.24567174515235454,-0.003654156405358766,-0.012997987965783591,0.005882488405679781,0.6772319355613967,0.6844655178755809,-0.007233582314184139,-0.027041325976968077,0.012847943205039432,0.014874141929071327,0.0034641021006142038,0.008050841040222386,0.24567174515235457,0.0,0.0,0.24567174515235457
Premier League,2025/26,GG/NG,train,380,0.24607520349513998,0.246398891966759,-0.00032368847161901027,-0.00915788992267606,0.008291012917018862,0.6853760647197337,0.6859291625010412,-0.0005530977813075211,-0.01853326153791249,0.01700841963404526,0.0013136766526640198,0.002313474052322813,0.0015639746656362272,0.24633656509695293,6.232686980609457e-05,0.0,0.24633656509695293
Premier League,2025/26,GG/NG,expanding,380,0.24607520349513998,0.24831133139548064,-0.0022361279003406676,-0.011998533578166994,0.0068890895197143975,0.6853760647197337,0.6897876292904692,-0.004411564570735549,-0.024444372689224673,0.01407647593708918,0.009005339739326046,0.002313474052322813,0.0015639746656362272,0.24633656509695293,0.0009450203246204102,0.00022778788283327225,0.24633656509695293
Premier League,2025/26,GG/NG,expanding_no_shrink,380,0.24607520349513998,0.25153335679789063,-0.005458153302750651,-0.018610660255820793,0.007127725975358916,0.6853760647197337,0.7635546369401637,-0.07817857222043001,-0.24324627546640537,0.010620502262087437,0.021699520780205428,0.002313474052322813,0.0015639746656362272,0.24633656509695293,0.009496322814702168,0.005320686279539004,0.24633656509695293
Premier League,2025/26,GG/NG,ORACOLO,380,0.24607520349513998,0.2463365650969529,-0.00026136160181292056,-0.008841320766964787,0.008010778965430575,0.6853760647197337,0.6858023106948902,-0.00042624597515650287,-0.01796345342699254,0.016334539093890082,0.0010609939361216902,0.002313474052322813,0.0015639746656362272,0.24633656509695293,1.232595164407831e-32,0.0,0.24633656509695293
Premier League,2025/26,OU2.5,train,380,0.24865861646884774,0.2483895044629117,0.00026911200593604523,-0.010477220410230834,0.011237319599352712,0.6913125389937854,0.6899536606352017,0.001358878358583726,-0.020851982336515758,0.024252947515399373,-0.0010834274439974756,0.003650506428600095,0.0028525165436482313,0.2475,0.000889504462911664,0.0,0.2475
Premier League,2025/26,OU2.5,expanding,380,0.24865861646884774,0.24951908064847894,-0.000860464179631204,-0.011165040329494997,0.009577396330233747,0.6913125389937854,0.6922231544870523,-0.0009106154932668753,-0.022227102762220428,0.02091009245037275,0.003448490501788193,0.003650506428600095,0.0028525165436482313,0.2475,0.0007713712770456144,0.0003301886792452829,0.2475
Premier League,2025/26,OU2.5,expanding_no_shrink,380,0.24865861646884774,0.25280501742311257,-0.004146400954264828,-0.01564910386566129,0.0074195601962875396,0.6913125389937854,0.7658450793178943,-0.07453254032410883,-0.24209305022600602,0.014925516005430893,0.016401576980274557,0.003650506428600095,0.0028525165436482313,0.2475,0.005216147225706971,0.0016569594013853078,0.2475
Premier League,2025/26,OU2.5,ORACOLO,380,0.24865861646884774,0.24750000000000003,0.0011586164688477119,-0.008799495653500399,0.011571253116362977,0.6913125389937854,0.6881388137135885,0.003173725280196882,-0.017594315855505263,0.025024178006075606,-0.004681278662010957,0.003650506428600095,0.0028525165436482313,0.2475,4.930380657631324e-32,0.0,0.2475
Serie A,2024/25,GG/NG,train,380,0.2528093366914596,0.24975761772853183,0.003051718962927774,-0.006217956481035302,0.011656750865676415,0.6988271317007609,0.6926623440548888,0.0061647876458721385,-0.012879756948434976,0.02404756919062735,-0.01221872225833276,0.007366729285756858,0.0037273998257612516,0.2497506925207756,6.9252077562321454e-06,0.0,0.2497506925207756
Serie A,2024/25,GG/NG,expanding,380,0.2528093366914596,0.25173170920396704,0.0010776274874925718,-0.008635770397493097,0.010246044548552808,0.6988271317007609,0.6966218138677901,0.0022053178329708434,-0.018009330812209137,0.021200413578064115,-0.004280857151052864,0.007366729285756858,0.0037273998257612516,0.2497506925207756,0.002967822922472955,0.0020063316185199853,0.2497506925207756
Serie A,2024/25,GG/NG,expanding_no_shrink,380,0.2528093366914596,0.25447682284725764,-0.001667486155798037,-0.0122758348798665,0.007700859133923047,0.6988271317007609,0.7688640354085955,-0.07003690370783455,-0.2205485587991261,0.012454680454776035,0.006552605212298279,0.007366729285756858,0.0037273998257612516,0.2497506925207756,0.007335136988485212,0.003543406935210502,0.2497506925207756
Serie A,2024/25,GG/NG,ORACOLO,380,0.2528093366914596,0.24975069252077559,0.0030586441706840217,-0.0063392339436098046,0.011755340623299634,0.6988271317007609,0.6926484826961293,0.006178649004631609,-0.013060120508583187,0.024219530028929265,-0.01224678954765901,0.007366729285756858,0.0037273998257612516,0.2497506925207756,1.232595164407831e-32,0.0,0.2497506925207756
Serie A,2024/25,OU2.5,train,380,0.25153651713480246,0.24972299168975068,0.0018135254450517835,-0.010086300080487214,0.013222696784334003,0.6967615648428414,0.6925932923970847,0.004168272445756682,-0.02065505631107371,0.027530531281635625,-0.007262148482126474,0.007890504604614604,0.004337939851641952,0.24966066481994456,6.232686980609457e-05,0.0,0.24966066481994456
Serie A,2024/25,OU2.5,expanding,380,0.25153651713480246,0.25164273287693045,-0.00010621574212799079,-0.012278263522363475,0.0119588902873812,0.6967615648428414,0.6964494936177502,0.00031207122509113727,-0.025170141009775996,0.02543677089578808,0.00042208944766120027,0.007890504604614604,0.004337939851641952,0.24966066481994456,0.0010406446272268912,0.00026815874692262033,0.24966066481994456
Serie A,2024/25,OU2.5,expanding_no_shrink,380,0.25153651713480246,0.25524935720639214,-0.0037128400715896737,-0.01696854681894999,0.009660250135365504,0.6967615648428414,0.7707181443081831,-0.07395657946534173,-0.23709601002679304,0.01866012045872493,0.014545933091567043,0.007890504604614604,0.004337939851641952,0.24966066481994456,0.008153554252912448,0.00285507716916122,0.24966066481994456
Serie A,2024/25,OU2.5,ORACOLO,380,0.25153651713480246,0.24966066481994456,0.001875852314857901,-0.010086096001117439,0.01341060315129399,0.6967615648428414,0.6924683565852636,0.00429320825757773,-0.020611371338584625,0.028181516345807484,-0.007513607785234244,0.007890504604614604,0.004337939851641952,0.24966066481994456,2.7733391199176196e-32,0.0,0.24966066481994456
Serie A,2025/26,GG/NG,train,380,0.24891957375034332,0.2515266235764851,-0.0026070498261417663,-0.010441999624132727,0.0055653867467993084,0.6912995616674592,0.6962012817814854,-0.004901720114026231,-0.020933209959727604,0.011891033985423653,0.010364906064701307,0.0037147959076208594,0.0036212558217405865,0.24775623268698058,0.0037703908895044794,0.0,0.24775623268698058
Serie A,2025/26,GG/NG,expanding,380,0.24891957375034332,0.24991588165553658,-0.0009963079051932555,-0.007257685030307414,0.005533306397940281,0.6912995616674592,0.6929949409709061,-0.0016953793034468756,-0.014662053327658364,0.011772525021521828,0.003986572996455218,0.0037147959076208594,0.0036212558217405865,0.24775623268698058,0.0008830375499632374,0.0005405681959376987,0.24775623268698058
Serie A,2025/26,GG/NG,expanding_no_shrink,380,0.24891957375034332,0.25254617327819595,-0.003626599527852631,-0.011073954244787795,0.003395180982445765,0.6912995616674592,0.7650011171436293,-0.07370155547617008,-0.2250505804442886,0.005767850131654241,0.014360144447160939,0.0037147959076208594,0.0036212558217405865,0.24775623268698058,0.00671199609693154,0.0025010492739024606,0.24775623268698058
Serie A,2025/26,GG/NG,ORACOLO,380,0.24891957375034332,0.24775623268698058,0.001163341063362744,-0.005158821155909527,0.0075900026700885005,0.6912995616674592,0.6886529090630945,0.0026466526043646965,-0.010174150292242981,0.016010024022185546,-0.004695506751721368,0.0037147959076208594,0.0036212558217405865,0.24775623268698058,0.0,0.0,0.24775623268698058
Serie A,2025/26,OU2.5,train,380,0.2553129127636108,0.24856648199445974,0.006746430769151046,-0.0018097447951375648,0.015336793028196974,0.704254967503231,0.6902784176322759,0.01397654987095509,-0.00386062883168834,0.03170655869884497,-0.027141353552654124,0.012810929425927922,0.005050970273125452,0.24822714681440444,0.0003393351800553997,0.0,0.24822714681440444
Serie A,2025/26,OU2.5,expanding,380,0.2553129127636108,0.2501636157545843,0.005149297009026499,-0.004517008357221869,0.014975283305656258,0.704254967503231,0.6935984520292041,0.010656515474026906,-0.009174553242717076,0.031240507561214215,-0.020583716754710046,0.012810929425927922,0.005050970273125452,0.24822714681440444,0.000777248149331093,3.777740832929421e-06,0.24822714681440444
Serie A,2025/26,OU2.5,expanding_no_shrink,380,0.2553129127636108,0.25243701251971146,0.002875900243899332,-0.009723436528668512,0.01560200577158216,0.704254967503231,0.7657512657333618,-0.06149629823013081,-0.2193145869739075,0.028877377057039518,-0.01139254586795091,0.012810929425927922,0.005050970273125452,0.24822714681440444,0.004795731008603043,0.0005072035739503557,0.24822714681440444
Serie A,2025/26,OU2.5,ORACOLO,380,0.2553129127636108,0.24822714681440441,0.007085765949206374,-0.0015855677640546064,0.01573911888402702,0.704254967503231,0.6895972715783741,0.014657695924856884,-0.0036317370612578698,0.032709325312133046,-0.028545491660121547,0.012810929425927922,0.005050970273125452,0.24822714681440444,0.0,0.0,0.24822714681440444
