Lega,Stagione,Periodo,Data_Rilevazione,Squadra,Valore_Mercato_Mln
Bundesliga,2022/2023,Post-Estivo,2022-09-15,Bayern Munich,794.1
Bundesliga,2022/2023,Post-Estivo,2022-09-15,Borussia Dortmund,573.5
Bundesliga,2022/2023,Post-Estivo,2022-09-15,RB Leipzig,479.68
Bundesliga,2022/2023,Post-Estivo,2022-09-15,Bayer 04 Leverkusen,474.25
Bundesliga,2022/2023,Post-Estivo,2022-09-15,Eintracht Frankfurt,280.08
Bundesliga,2022/2023,Post-Estivo,2022-09-15,VfL Wolfsburg,261.75
Bundesliga,2022/2023,Post-Estivo,2022-09-15,Borussia Mönchengladbach,228.63
Bundesliga,2022/2023,Post-Estivo,2022-09-15,TSG 1899 Hoffenheim,227.45
Bundesliga,2022/2023,Post-Estivo,2022-09-15,SC Freiburg,183.33
Bundesliga,2022/2023,Post-Estivo,2022-09-15,VfB Stuttgart,156.03
Bundesliga,2022/2023,Post-Estivo,2022-09-15,Hertha BSC,153.3
Bundesliga,2022/2023,Post-Estivo,2022-09-15,1.FSV Mainz 05,148.73
Bundesliga,2022/2023,Post-Estivo,2022-09-15,1.FC Köln,127.6
Bundesliga,2022/2023,Post-Estivo,2022-09-15,FC Augsburg,122.48
Bundesliga,2022/2023,Post-Estivo,2022-09-15,1.FC Union Berlin,106.58
Bundesliga,2022/2023,Post-Estivo,2022-09-15,SV Werder Bremen,77.28
Bundesliga,2022/2023,Post-Estivo,2022-09-15,Arminia Bielefeld,72.1
Bundesliga,2022/2023,Post-Estivo,2022-09-15,FC Schalke 04,71.08
Bundesliga,2022/2023,Post-Estivo,2022-09-15,Hamburger SV,58.15
Bundesliga,2022/2023,Post-Estivo,2022-09-15,VfL Bochum,44.85
Bundesliga,2022/2023,Post-Estivo,2022-09-15,SpVgg Greuther Fürth,42.6
Bundesliga,2022/2023,Post-Estivo,2022-09-15,Fortuna Düsseldorf,34.78
Bundesliga,2022/2023,Post-Estivo,2022-09-15,Hannover 96,34.42
Bundesliga,2022/2023,Post-Estivo,2022-09-15,1.FC Nuremberg,29.58
Bundesliga,2022/2023,Post-Estivo,2022-09-15,SV Darmstadt 98,28.2
Bundesliga,2022/2023,Post-Estivo,2022-09-15,FC St. Pauli,26.08
Bundesliga,2022/2023,Post-Estivo,2022-09-15,SC Paderborn 07,19.15
Bundesliga,2022/2023,Post-Estivo,2022-09-15,1. Fußballclub Heidenheim 1846,15.9
Bundesliga,2022/2023,Post-Estivo,2022-09-15,FC Ingolstadt 04,14.83
Bundesliga,2022/2023,Post-Estivo,2022-09-15,Holstein Kiel,11.7
Bundesliga,2022/2023,Post-Estivo,2022-09-15,Eintracht Braunschweig,8.0
Bundesliga,2022/2023,Post-Invernale,2023-02-15,Bayern Munich,966.7
Bundesliga,2022/2023,Post-Invernale,2023-02-15,Borussia Dortmund,524.55
Bundesliga,2022/2023,Post-Invernale,2023-02-15,RB Leipzig,508.43
Bundesliga,2022/2023,Post-Invernale,2023-02-15,Bayer 04 Leverkusen,462.66
Bundesliga,2022/2023,Post-Invernale,2023-02-15,Eintracht Frankfurt,344.24
Bundesliga,2022/2023,Post-Invernale,2023-02-15,VfL Wolfsburg,251.6
Bundesliga,2022/2023,Post-Invernale,2023-02-15,Borussia Mönchengladbach,245.9
Bundesliga,2022/2023,Post-Invernale,2023-02-15,TSG 1899 Hoffenheim,230.73
Bundesliga,2022/2023,Post-Invernale,2023-02-15,SC Freiburg,203.35
Bundesliga,2022/2023,Post-Invernale,2023-02-15,Hertha BSC,164.4
Bundesliga,2022/2023,Post-Invernale,2023-02-15,1.FSV Mainz 05,156.68
Bundesliga,2022/2023,Post-Invernale,2023-02-15,VfB Stuttgart,151.55
Bundesliga,2022/2023,Post-Invernale,2023-02-15,FC Augsburg,141.18
Bundesliga,2022/2023,Post-Invernale,2023-02-15,1.FC Union Berlin,134.0
Bundesliga,2022/2023,Post-Invernale,2023-02-15,1.FC Köln,132.07
Bundesliga,2022/2023,Post-Invernale,2023-02-15,SV Werder Bremen,107.1
Bundesliga,2022/2023,Post-Invernale,2023-02-15,FC Schalke 04,90.85
Bundesliga,2022/2023,Post-Invernale,2023-02-15,Hamburger SV,65.68
Bundesliga,2022/2023,Post-Invernale,2023-02-15,VfL Bochum,52.65
Bundesliga,2022/2023,Post-Invernale,2023-02-15,SpVgg Greuther Fürth,38.05
Bundesliga,2022/2023,Post-Invernale,2023-02-15,Arminia Bielefeld,37.67
Bundesliga,2022/2023,Post-Invernale,2023-02-15,Fortuna Düsseldorf,37.4
Bundesliga,2022/2023,Post-Invernale,2023-02-15,Hannover 96,34.42
Bundesliga,2022/2023,Post-Invernale,2023-02-15,SV Darmstadt 98,32.55
Bundesliga,2022/2023,Post-Invernale,2023-02-15,FC St. Pauli,27.45
Bundesliga,2022/2023,Post-Invernale,2023-02-15,1.FC Nuremberg,24.8
Bundesliga,2022/2023,Post-Invernale,2023-02-15,SC Paderborn 07,21.78
Bundesliga,2022/2023,Post-Invernale,2023-02-15,1. Fußballclub Heidenheim 1846,18.8
Bundesliga,2022/2023,Post-Invernale,2023-02-15,Holstein Kiel,13.0
Bundesliga,2022/2023,Post-Invernale,2023-02-15,FC Ingolstadt 04,12.73
Bundesliga,2022/2023,Post-Invernale,2023-02-15,Eintracht Braunschweig,10.0
Bundesliga,2023/2024,Post-Estivo,2023-09-15,Bayern Munich,940.65
Bundesliga,2023/2024,Post-Estivo,2023-09-15,Borussia Dortmund,577.05
Bundesliga,2023/2024,Post-Estivo,2023-09-15,Bayer 04 Leverkusen,495.46
Bundesliga,2023/2024,Post-Estivo,2023-09-15,RB Leipzig,493.25
Bundesliga,2023/2024,Post-Estivo,2023-09-15,Eintracht Frankfurt,366.21
Bundesliga,2023/2024,Post-Estivo,2023-09-15,VfL Wolfsburg,262.93
Bundesliga,2023/2024,Post-Estivo,2023-09-15,Borussia Mönchengladbach,234.53
Bundesliga,2023/2024,Post-Estivo,2023-09-15,TSG 1899 Hoffenheim,203.05
Bundesliga,2023/2024,Post-Estivo,2023-09-15,SC Freiburg,194.98
Bundesliga,2023/2024,Post-Estivo,2023-09-15,1.FSV Mainz 05,165.48
Bundesliga,2023/2024,Post-Estivo,2023-09-15,1.FC Union Berlin,159.81
Bundesliga,2023/2024,Post-Estivo,2023-09-15,FC Augsburg,147.5
Bundesliga,2023/2024,Post-Estivo,2023-09-15,VfB Stuttgart,145.8
Bundesliga,2023/2024,Post-Estivo,2023-09-15,Hertha BSC,138.04
Bundesliga,2023/2024,Post-Estivo,2023-09-15,1.FC Köln,132.35
Bundesliga,2023/2024,Post-Estivo,2023-09-15,SV Werder Bremen,119.35
Bundesliga,2023/2024,Post-Estivo,2023-09-15,FC Schalke 04,103.93
Bundesliga,2023/2024,Post-Estivo,2023-09-15,Hamburger SV,68.01
Bundesliga,2023/2024,Post-Estivo,2023-09-15,VfL Bochum,58.23
Bundesliga,2023/2024,Post-Estivo,2023-09-15,Fortuna Düsseldorf,41.9
Bundesliga,2023/2024,Post-Estivo,2023-09-15,SV Darmstadt 98,37.42
Bundesliga,2023/2024,Post-Estivo,2023-09-15,SpVgg Greuther Fürth,37.05
Bundesliga,2023/2024,Post-Estivo,2023-09-15,Arminia Bielefeld,36.03
Bundesliga,2023/2024,Post-Estivo,2023-09-15,Hannover 96,32.98
Bundesliga,2023/2024,Post-Estivo,2023-09-15,FC St. Pauli,29.05
Bundesliga,2023/2024,Post-Estivo,2023-09-15,1. Fußballclub Heidenheim 1846,26.25
Bundesliga,2023/2024,Post-Estivo,2023-09-15,1.FC Nuremberg,25.18
Bundesliga,2023/2024,Post-Estivo,2023-09-15,SC Paderborn 07,24.85
Bundesliga,2023/2024,Post-Estivo,2023-09-15,Holstein Kiel,13.4
Bundesliga,2023/2024,Post-Estivo,2023-09-15,FC Ingolstadt 04,11.68
Bundesliga,2023/2024,Post-Estivo,2023-09-15,Eintracht Braunschweig,10.58
Bundesliga,2023/2024,Post-Invernale,2024-02-15,Bayern Munich,991.33
Bundesliga,2023/2024,Post-Invernale,2024-02-15,Bayer 04 Leverkusen,626.07
Bundesliga,2023/2024,Post-Invernale,2024-02-15,RB Leipzig,536.98
Bundesliga,2023/2024,Post-Invernale,2024-02-15,Borussia Dortmund,462.68
Bundesliga,2023/2024,Post-Invernale,2024-02-15,VfL Wolfsburg,295.55
Bundesliga,2023/2024,Post-Invernale,2024-02-15,Eintracht Frankfurt,281.54
Bundesliga,2023/2024,Post-Invernale,2024-02-15,VfB Stuttgart,264.02
Bundesliga,2023/2024,Post-Invernale,2024-02-15,Borussia Mönchengladbach,222.0
Bundesliga,2023/2024,Post-Invernale,2024-02-15,SC Freiburg,205.68
Bundesliga,2023/2024,Post-Invernale,2024-02-15,TSG 1899 Hoffenheim,202.43
Bundesliga,2023/2024,Post-Invernale,2024-02-15,1.FC Union Berlin,195.29
Bundesliga,2023/2024,Post-Invernale,2024-02-15,1.FSV Mainz 05,157.55
Bundesliga,2023/2024,Post-Invernale,2024-02-15,FC Augsburg,155.45
Bundesliga,2023/2024,Post-Invernale,2024-02-15,1.FC Köln,131.0
Bundesliga,2023/2024,Post-Invernale,2024-02-15,SV Werder Bremen,115.15
Bundesliga,2023/2024,Post-Invernale,2024-02-15,Hertha BSC,101.59
Bundesliga,2023/2024,Post-Invernale,2024-02-15,FC Schalke 04,81.5
Bundesliga,2023/2024,Post-Invernale,2024-02-15,Hamburger SV,73.83
Bundesliga,2023/2024,Post-Invernale,2024-02-15,VfL Bochum,72.97
Bundesliga,2023/2024,Post-Invernale,2024-02-15,SV Darmstadt 98,52.13
Bundesliga,2023/2024,Post-Invernale,2024-02-15,1. Fußballclub Heidenheim 1846,52.0
Bundesliga,2023/2024,Post-Invernale,2024-02-15,Fortuna Düsseldorf,50.75
Bundesliga,2023/2024,Post-Invernale,2024-02-15,SpVgg Greuther Fürth,40.15
Bundesliga,2023/2024,Post-Invernale,2024-02-15,Hannover 96,38.08
Bundesliga,2023/2024,Post-Invernale,2024-02-15,1.FC Nuremberg,35.58
Bundesliga,2023/2024,Post-Invernale,2024-02-15,FC St. Pauli,34.35
Bundesliga,2023/2024,Post-Invernale,2024-02-15,Holstein Kiel,27.83
Bundesliga,2023/2024,Post-Invernale,2024-02-15,Arminia Bielefeld,27.6
Bundesliga,2023/2024,Post-Invernale,2024-02-15,SC Paderborn 07,20.05
Bundesliga,2023/2024,Post-Invernale,2024-02-15,Eintracht Braunschweig,14.28
Bundesliga,2023/2024,Post-Invernale,2024-02-15,FC Ingolstadt 04,10.28
Bundesliga,2024/2025,Post-Estivo,2024-09-15,Bayern Munich,941.83
Bundesliga,2024/2025,Post-Estivo,2024-09-15,Bayer 04 Leverkusen,711.87
Bundesliga,2024/2025,Post-Estivo,2024-09-15,RB Leipzig,556.98
Bundesliga,2024/2025,Post-Estivo,2024-09-15,Borussia Dortmund,485.98
Bundesliga,2024/2025,Post-Estivo,2024-09-15,VfB Stuttgart,342.03
Bundesliga,2024/2025,Post-Estivo,2024-09-15,Eintracht Frankfurt,318.64
Bundesliga,2024/2025,Post-Estivo,2024-09-15,VfL Wolfsburg,252.45
Bundesliga,2024/2025,Post-Estivo,2024-09-15,SC Freiburg,199.48
Bundesliga,2024/2025,Post-Estivo,2024-09-15,TSG 1899 Hoffenheim,191.53
Bundesliga,2024/2025,Post-Estivo,2024-09-15,Borussia Mönchengladbach,183.3
Bundesliga,2024/2025,Post-Estivo,2024-09-15,1.FSV Mainz 05,176.75
Bundesliga,2024/2025,Post-Estivo,2024-09-15,FC Augsburg,162.18
Bundesliga,2024/2025,Post-Estivo,2024-09-15,1.FC Union Berlin,156.99
Bundesliga,2024/2025,Post-Estivo,2024-09-15,SV Werder Bremen,138.25
Bundesliga,2024/2025,Post-Estivo,2024-09-15,1.FC Köln,114.15
Bundesliga,2024/2025,Post-Estivo,2024-09-15,Hertha BSC,105.94
Bundesliga,2024/2025,Post-Estivo,2024-09-15,FC Schalke 04,83.1
Bundesliga,2024/2025,Post-Estivo,2024-09-15,VfL Bochum,77.28
Bundesliga,2024/2025,Post-Estivo,2024-09-15,Hamburger SV,73.72
Bundesliga,2024/2025,Post-Estivo,2024-09-15,1. Fußballclub Heidenheim 1846,69.2
Bundesliga,2024/2025,Post-Estivo,2024-09-15,Fortuna Düsseldorf,61.15
Bundesliga,2024/2025,Post-Estivo,2024-09-15,SV Darmstadt 98,50.73
Bundesliga,2024/2025,Post-Estivo,2024-09-15,FC St. Pauli,44.8
Bundesliga,2024/2025,Post-Estivo,2024-09-15,1.FC Nuremberg,44.13
Bundesliga,2024/2025,Post-Estivo,2024-09-15,SpVgg Greuther Fürth,43.45
Bundesliga,2024/2025,Post-Estivo,2024-09-15,Hannover 96,38.67
Bundesliga,2024/2025,Post-Estivo,2024-09-15,Holstein Kiel,38.58
Bundesliga,2024/2025,Post-Estivo,2024-09-15,Arminia Bielefeld,26.45
Bundesliga,2024/2025,Post-Estivo,2024-09-15,SC Paderborn 07,20.0
Bundesliga,2024/2025,Post-Estivo,2024-09-15,Eintracht Braunschweig,17.13
Bundesliga,2024/2025,Post-Estivo,2024-09-15,FC Ingolstadt 04,10.35
Bundesliga,2024/2025,Post-Invernale,2025-02-15,Bayern Munich,947.03
Bundesliga,2024/2025,Post-Invernale,2025-02-15,Bayer 04 Leverkusen,673.37
Bundesliga,2024/2025,Post-Invernale,2025-02-15,RB Leipzig,600.98
Bundesliga,2024/2025,Post-Invernale,2025-02-15,Borussia Dortmund,500.93
Bundesliga,2024/2025,Post-Invernale,2025-02-15,Eintracht Frankfurt,405.49
Bundesliga,2024/2025,Post-Invernale,2025-02-15,VfB Stuttgart,365.15
Bundesliga,2024/2025,Post-Invernale,2025-02-15,VfL Wolfsburg,278.35
Bundesliga,2024/2025,Post-Invernale,2025-02-15,TSG 1899 Hoffenheim,209.78
Bundesliga,2024/2025,Post-Invernale,2025-02-15,SC Freiburg,204.13
Bundesliga,2024/2025,Post-Invernale,2025-02-15,1.FSV Mainz 05,174.55
Bundesliga,2024/2025,Post-Invernale,2025-02-15,FC Augsburg,171.18
Bundesliga,2024/2025,Post-Invernale,2025-02-15,Borussia Mönchengladbach,164.95
Bundesliga,2024/2025,Post-Invernale,2025-02-15,SV Werder Bremen,160.95
Bundesliga,2024/2025,Post-Invernale,2025-02-15,1.FC Union Berlin,157.36
Bundesliga,2024/2025,Post-Invernale,2025-02-15,Hertha BSC,94.84
Bundesliga,2024/2025,Post-Invernale,2025-02-15,1. Fußballclub Heidenheim 1846,92.03
Bundesliga,2024/2025,Post-Invernale,2025-02-15,1.FC Köln,91.15
Bundesliga,2024/2025,Post-Invernale,2025-02-15,Hamburger SV,80.33
Bundesliga,2024/2025,Post-Invernale,2025-02-15,VfL Bochum,72.43
Bundesliga,2024/2025,Post-Invernale,2025-02-15,FC Schalke 04,70.35
Bundesliga,2024/2025,Post-Invernale,2025-02-15,Fortuna Düsseldorf,61.5
Bundesliga,2024/2025,Post-Invernale,2025-02-15,FC St. Pauli,47.95
Bundesliga,2024/2025,Post-Invernale,2025-02-15,SV Darmstadt 98,47.53
Bundesliga,2024/2025,Post-Invernale,2025-02-15,1.FC Nuremberg,44.43
Bundesliga,2024/2025,Post-Invernale,2025-02-15,Hannover 96,41.18
Bundesliga,2024/2025,Post-Invernale,2025-02-15,Holstein Kiel,37.23
Bundesliga,2024/2025,Post-Invernale,2025-02-15,SpVgg Greuther Fürth,34.15
Bundesliga,2024/2025,Post-Invernale,2025-02-15,Arminia Bielefeld,25.6
Bundesliga,2024/2025,Post-Invernale,2025-02-15,SC Paderborn 07,22.05
Bundesliga,2024/2025,Post-Invernale,2025-02-15,Eintracht Braunschweig,21.93
Bundesliga,2024/2025,Post-Invernale,2025-02-15,FC Ingolstadt 04,11.15
Bundesliga,2025/2026,Post-Estivo,2025-09-15,Bayern Munich,905.03
Bundesliga,2025/2026,Post-Estivo,2025-09-15,Bayer 04 Leverkusen,662.17
Bundesliga,2025/2026,Post-Estivo,2025-09-15,RB Leipzig,548.48
Bundesliga,2025/2026,Post-Estivo,2025-09-15,Borussia Dortmund,475.73
Bundesliga,2025/2026,Post-Estivo,2025-09-15,Eintracht Frankfurt,444.49
Bundesliga,2025/2026,Post-Estivo,2025-09-15,VfB Stuttgart,380.25
Bundesliga,2025/2026,Post-Estivo,2025-09-15,VfL Wolfsburg,301.85
Bundesliga,2025/2026,Post-Estivo,2025-09-15,1.FSV Mainz 05,237.55
Bundesliga,2025/2026,Post-Estivo,2025-09-15,TSG 1899 Hoffenheim,229.68
Bundesliga,2025/2026,Post-Estivo,2025-09-15,SC Freiburg,219.18
Bundesliga,2025/2026,Post-Estivo,2025-09-15,FC Augsburg,206.43
Bundesliga,2025/2026,Post-Estivo,2025-09-15,SV Werder Bremen,171.95
Bundesliga,2025/2026,Post-Estivo,2025-09-15,Borussia Mönchengladbach,171.8
Bundesliga,2025/2026,Post-Estivo,2025-09-15,1.FC Union Berlin,160.29
Bundesliga,2025/2026,Post-Estivo,2025-09-15,Hamburger SV,98.98
Bundesliga,2025/2026,Post-Estivo,2025-09-15,1.FC Köln,96.93
Bundesliga,2025/2026,Post-Estivo,2025-09-15,Hertha BSC,95.89
Bundesliga,2025/2026,Post-Estivo,2025-09-15,1. Fußballclub Heidenheim 1846,76.03
Bundesliga,2025/2026,Post-Estivo,2025-09-15,VfL Bochum,75.33
Bundesliga,2025/2026,Post-Estivo,2025-09-15,FC Schalke 04,74.75
Bundesliga,2025/2026,Post-Estivo,2025-09-15,Fortuna Düsseldorf,67.2
Bundesliga,2025/2026,Post-Estivo,2025-09-15,FC St. Pauli,62.28
Bundesliga,2025/2026,Post-Estivo,2025-09-15,SV Darmstadt 98,49.53
Bundesliga,2025/2026,Post-Estivo,2025-09-15,Hannover 96,46.18
Bundesliga,2025/2026,Post-Estivo,2025-09-15,Holstein Kiel,45.33
Bundesliga,2025/2026,Post-Estivo,2025-09-15,1.FC Nuremberg,38.38
Bundesliga,2025/2026,Post-Estivo,2025-09-15,SpVgg Greuther Fürth,34.5
Bundesliga,2025/2026,Post-Estivo,2025-09-15,SC Paderborn 07,28.85
Bundesliga,2025/2026,Post-Estivo,2025-09-15,Arminia Bielefeld,25.8
Bundesliga,2025/2026,Post-Estivo,2025-09-15,Eintracht Braunschweig,22.43
Bundesliga,2025/2026,Post-Estivo,2025-09-15,FC Ingolstadt 04,12.25
Bundesliga,2025/2026,Post-Invernale,2026-02-15,Bayern Munich,1104.33
Bundesliga,2025/2026,Post-Invernale,2026-02-15,Borussia Dortmund,539.23
Bundesliga,2025/2026,Post-Invernale,2026-02-15,Bayer 04 Leverkusen,514.07
Bundesliga,2025/2026,Post-Invernale,2026-02-15,RB Leipzig,481.48
Bundesliga,2025/2026,Post-Invernale,2026-02-15,Eintracht Frankfurt,469.09
Bundesliga,2025/2026,Post-Invernale,2026-02-15,VfB Stuttgart,425.23
Bundesliga,2025/2026,Post-Invernale,2026-02-15,VfL Wolfsburg,297.55
Bundesliga,2025/2026,Post-Invernale,2026-02-15,TSG 1899 Hoffenheim,272.23
Bundesliga,2025/2026,Post-Invernale,2026-02-15,SC Freiburg,244.88
Bundesliga,2025/2026,Post-Invernale,2026-02-15,SV Werder Bremen,237.8
Bundesliga,2025/2026,Post-Invernale,2026-02-15,FC Augsburg,230.48
Bundesliga,2025/2026,Post-Invernale,2026-02-15,1.FSV Mainz 05,202.8
Bundesliga,2025/2026,Post-Invernale,2026-02-15,Borussia Mönchengladbach,199.5
Bundesliga,2025/2026,Post-Invernale,2026-02-15,Hamburger SV,181.58
Bundesliga,2025/2026,Post-Invernale,2026-02-15,1.FC Köln,181.03
Bundesliga,2025/2026,Post-Invernale,2026-02-15,1.FC Union Berlin,173.84
Bundesliga,2025/2026,Post-Invernale,2026-02-15,1. Fußballclub Heidenheim 1846,84.28
Bundesliga,2025/2026,Post-Invernale,2026-02-15,FC St. Pauli,83.73
Bundesliga,2025/2026,Post-Invernale,2026-02-15,Hertha BSC,78.14
Bundesliga,2025/2026,Post-Invernale,2026-02-15,FC Schalke 04,78.05
Bundesliga,2025/2026,Post-Invernale,2026-02-15,VfL Bochum,75.18
Bundesliga,2025/2026,Post-Invernale,2026-02-15,Fortuna Düsseldorf,62.35
Bundesliga,2025/2026,Post-Invernale,2026-02-15,Hannover 96,55.78
Bundesliga,2025/2026,Post-Invernale,2026-02-15,SV Darmstadt 98,47.43
Bundesliga,2025/2026,Post-Invernale,2026-02-15,1.FC Nuremberg,44.08
Bundesliga,2025/2026,Post-Invernale,2026-02-15,Holstein Kiel,34.88
Bundesliga,2025/2026,Post-Invernale,2026-02-15,SpVgg Greuther Fürth,32.0
Bundesliga,2025/2026,Post-Invernale,2026-02-15,SC Paderborn 07,28.85
Bundesliga,2025/2026,Post-Invernale,2026-02-15,Arminia Bielefeld,27.2
Bundesliga,2025/2026,Post-Invernale,2026-02-15,Eintracht Braunschweig,21.23
Bundesliga,2025/2026,Post-Invernale,2026-02-15,FC Ingolstadt 04,12.1
La_Liga,2022/2023,Post-Estivo,2022-09-15,Real Madrid,710.1
La_Liga,2022/2023,Post-Estivo,2022-09-15,FC Barcelona,681.08
La_Liga,2022/2023,Post-Estivo,2022-09-15,Atlético de Madrid,605.28
La_Liga,2022/2023,Post-Estivo,2022-09-15,Villarreal CF,408.7
La_Liga,2022/2023,Post-Estivo,2022-09-15,Sevilla FC,387.4
La_Liga,2022/2023,Post-Estivo,2022-09-15,Real Sociedad,354.85
La_Liga,2022/2023,Post-Estivo,2022-09-15,Valencia CF,266.43
La_Liga,2022/2023,Post-Estivo,2022-09-15,Real Betis Balompié,263.27
La_Liga,2022/2023,Post-Estivo,2022-09-15,Athletic Bilbao,234.6
La_Liga,2022/2023,Post-Estivo,2022-09-15,Getafe CF,187.85
La_Liga,2022/2023,Post-Estivo,2022-09-15,Celta de Vigo,163.45
La_Liga,2022/2023,Post-Estivo,2022-09-15,RCD Espanyol Barcelona,156.88
La_Liga,2022/2023,Post-Estivo,2022-09-15,Granada CF,135.53
La_Liga,2022/2023,Post-Estivo,2022-09-15,CA Osasuna,124.5
La_Liga,2022/2023,Post-Estivo,2022-09-15,Rayo Vallecano,88.75
La_Liga,2022/2023,Post-Estivo,2022-09-15,Real Valladolid CF,87.5
La_Liga,2022/2023,Post-Estivo,2022-09-15,Elche CF,82.7
La_Liga,2022/2023,Post-Estivo,2022-09-15,RCD Mallorca,80.18
La_Liga,2022/2023,Post-Estivo,2022-09-15,Deportivo Alavés,79.33
La_Liga,2022/2023,Post-Estivo,2022-09-15,Levante UD,75.43
La_Liga,2022/2023,Post-Estivo,2022-09-15,UD Almería,74.33
La_Liga,2022/2023,Post-Estivo,2022-09-15,Cádiz CF,73.85
La_Liga,2022/2023,Post-Estivo,2022-09-15,CD Leganés,61.8
La_Liga,2022/2023,Post-Estivo,2022-09-15,Girona FC,50.3
La_Liga,2022/2023,Post-Estivo,2022-09-15,SD Eibar,35.08
La_Liga,2022/2023,Post-Estivo,2022-09-15,Málaga CF,34.48
La_Liga,2022/2023,Post-Estivo,2022-09-15,Deportivo de La Coruña,33.85
La_Liga,2022/2023,Post-Estivo,2022-09-15,Real Zaragoza,32.92
La_Liga,2022/2023,Post-Estivo,2022-09-15,UD Las Palmas,32.53
La_Liga,2022/2023,Post-Estivo,2022-09-15,Sporting Gijón,30.85
La_Liga,2022/2023,Post-Estivo,2022-09-15,SD Huesca,29.7
La_Liga,2022/2023,Post-Estivo,2022-09-15,Real Oviedo,9.3
La_Liga,2022/2023,Post-Estivo,2022-09-15,Córdoba CF,7.08
La_Liga,2022/2023,Post-Invernale,2023-02-15,FC Barcelona,907.03
La_Liga,2022/2023,Post-Invernale,2023-02-15,Real Madrid,860.13
La_Liga,2022/2023,Post-Invernale,2023-02-15,Atlético de Madrid,578.28
La_Liga,2022/2023,Post-Invernale,2023-02-15,Real Sociedad,422.78
La_Liga,2022/2023,Post-Invernale,2023-02-15,Villarreal CF,381.08
La_Liga,2022/2023,Post-Invernale,2023-02-15,Sevilla FC,316.98
La_Liga,2022/2023,Post-Invernale,2023-02-15,Valencia CF,305.77
La_Liga,2022/2023,Post-Invernale,2023-02-15,Real Betis Balompié,294.18
La_Liga,2022/2023,Post-Invernale,2023-02-15,Athletic Bilbao,240.7
La_Liga,2022/2023,Post-Invernale,2023-02-15,Celta de Vigo,174.9
La_Liga,2022/2023,Post-Invernale,2023-02-15,Getafe CF,172.65
La_Liga,2022/2023,Post-Invernale,2023-02-15,CA Osasuna,153.29
La_Liga,2022/2023,Post-Invernale,2023-02-15,RCD Espanyol Barcelona,118.53
La_Liga,2022/2023,Post-Invernale,2023-02-15,Rayo Vallecano,117.18
La_Liga,2022/2023,Post-Invernale,2023-02-15,Girona FC,116.95
La_Liga,2022/2023,Post-Invernale,2023-02-15,UD Almería,107.33
La_Liga,2022/2023,Post-Invernale,2023-02-15,Granada CF,105.95
La_Liga,2022/2023,Post-Invernale,2023-02-15,Real Valladolid CF,93.7
La_Liga,2022/2023,Post-Invernale,2023-02-15,RCD Mallorca,93.15
La_Liga,2022/2023,Post-Invernale,2023-02-15,Cádiz CF,81.65
La_Liga,2022/2023,Post-Invernale,2023-02-15,Elche CF,72.4
La_Liga,2022/2023,Post-Invernale,2023-02-15,Deportivo Alavés,63.68
La_Liga,2022/2023,Post-Invernale,2023-02-15,CD Leganés,59.73
La_Liga,2022/2023,Post-Invernale,2023-02-15,Levante UD,59.7
La_Liga,2022/2023,Post-Invernale,2023-02-15,Real Zaragoza,37.63
La_Liga,2022/2023,Post-Invernale,2023-02-15,SD Eibar,36.8
La_Liga,2022/2023,Post-Invernale,2023-02-15,Deportivo de La Coruña,34.45
La_Liga,2022/2023,Post-Invernale,2023-02-15,Málaga CF,34.21
La_Liga,2022/2023,Post-Invernale,2023-02-15,UD Las Palmas,33.53
La_Liga,2022/2023,Post-Invernale,2023-02-15,Sporting Gijón,30.33
La_Liga,2022/2023,Post-Invernale,2023-02-15,SD Huesca,30.13
La_Liga,2022/2023,Post-Invernale,2023-02-15,Real Oviedo,12.1
La_Liga,2022/2023,Post-Invernale,2023-02-15,Córdoba CF,7.75
La_Liga,2023/2024,Post-Estivo,2023-09-15,FC Barcelona,947.98
La_Liga,2023/2024,Post-Estivo,2023-09-15,Real Madrid,880.33
La_Liga,2023/2024,Post-Estivo,2023-09-15,Atlético de Madrid,484.18
La_Liga,2023/2024,Post-Estivo,2023-09-15,Real Sociedad,399.58
La_Liga,2023/2024,Post-Estivo,2023-09-15,Villarreal CF,329.28
La_Liga,2023/2024,Post-Estivo,2023-09-15,Sevilla FC,273.98
La_Liga,2023/2024,Post-Estivo,2023-09-15,Valencia CF,257.77
La_Liga,2023/2024,Post-Estivo,2023-09-15,Real Betis Balompié,250.18
La_Liga,2023/2024,Post-Estivo,2023-09-15,Athletic Bilbao,237.48
La_Liga,2023/2024,Post-Estivo,2023-09-15,Celta de Vigo,181.15
La_Liga,2023/2024,Post-Estivo,2023-09-15,CA Osasuna,169.51
La_Liga,2023/2024,Post-Estivo,2023-09-15,Getafe CF,157.7
La_Liga,2023/2024,Post-Estivo,2023-09-15,Girona FC,154.35
La_Liga,2023/2024,Post-Estivo,2023-09-15,RCD Espanyol Barcelona,134.0
La_Liga,2023/2024,Post-Estivo,2023-09-15,Rayo Vallecano,126.75
La_Liga,2023/2024,Post-Estivo,2023-09-15,RCD Mallorca,122.65
La_Liga,2023/2024,Post-Estivo,2023-09-15,Real Valladolid CF,105.73
La_Liga,2023/2024,Post-Estivo,2023-09-15,UD Almería,104.55
La_Liga,2023/2024,Post-Estivo,2023-09-15,Granada CF,99.6
La_Liga,2023/2024,Post-Estivo,2023-09-15,Cádiz CF,81.0
La_Liga,2023/2024,Post-Estivo,2023-09-15,Elche CF,74.7
La_Liga,2023/2024,Post-Estivo,2023-09-15,Deportivo Alavés,65.08
La_Liga,2023/2024,Post-Estivo,2023-09-15,CD Leganés,64.04
La_Liga,2023/2024,Post-Estivo,2023-09-15,Levante UD,57.55
La_Liga,2023/2024,Post-Estivo,2023-09-15,UD Las Palmas,40.67
La_Liga,2023/2024,Post-Estivo,2023-09-15,Real Zaragoza,38.17
La_Liga,2023/2024,Post-Estivo,2023-09-15,SD Eibar,36.98
La_Liga,2023/2024,Post-Estivo,2023-09-15,Málaga CF,33.66
La_Liga,2023/2024,Post-Estivo,2023-09-15,Deportivo de La Coruña,29.95
La_Liga,2023/2024,Post-Estivo,2023-09-15,SD Huesca,29.63
La_Liga,2023/2024,Post-Estivo,2023-09-15,Sporting Gijón,26.6
La_Liga,2023/2024,Post-Estivo,2023-09-15,Real Oviedo,20.2
La_Liga,2023/2024,Post-Estivo,2023-09-15,Córdoba CF,6.95
La_Liga,2023/2024,Post-Invernale,2024-02-15,Real Madrid,1068.83
La_Liga,2023/2024,Post-Invernale,2024-02-15,FC Barcelona,963.78
La_Liga,2023/2024,Post-Invernale,2024-02-15,Real Sociedad,517.42
La_Liga,2023/2024,Post-Invernale,2024-02-15,Atlético de Madrid,511.3
La_Liga,2023/2024,Post-Invernale,2024-02-15,Athletic Bilbao,264.27
La_Liga,2023/2024,Post-Invernale,2024-02-15,Real Betis Balompié,260.65
La_Liga,2023/2024,Post-Invernale,2024-02-15,Sevilla FC,255.78
La_Liga,2023/2024,Post-Invernale,2024-02-15,Girona FC,248.9
La_Liga,2023/2024,Post-Invernale,2024-02-15,Valencia CF,247.53
La_Liga,2023/2024,Post-Invernale,2024-02-15,Villarreal CF,235.5
La_Liga,2023/2024,Post-Invernale,2024-02-15,Celta de Vigo,186.85
La_Liga,2023/2024,Post-Invernale,2024-02-15,Getafe CF,148.75
La_Liga,2023/2024,Post-Invernale,2024-02-15,CA Osasuna,130.26
La_Liga,2023/2024,Post-Invernale,2024-02-15,Granada CF,125.7
La_Liga,2023/2024,Post-Invernale,2024-02-15,UD Almería,114.88
La_Liga,2023/2024,Post-Invernale,2024-02-15,Deportivo Alavés,114.13
La_Liga,2023/2024,Post-Invernale,2024-02-15,RCD Mallorca,109.95
La_Liga,2023/2024,Post-Invernale,2024-02-15,Rayo Vallecano,102.48
La_Liga,2023/2024,Post-Invernale,2024-02-15,Real Valladolid CF,98.88
La_Liga,2023/2024,Post-Invernale,2024-02-15,RCD Espanyol Barcelona,91.4
La_Liga,2023/2024,Post-Invernale,2024-02-15,UD Las Palmas,88.85
La_Liga,2023/2024,Post-Invernale,2024-02-15,Cádiz CF,83.35
La_Liga,2023/2024,Post-Invernale,2024-02-15,CD Leganés,63.59
La_Liga,2023/2024,Post-Invernale,2024-02-15,Elche CF,53.23
La_Liga,2023/2024,Post-Invernale,2024-02-15,Levante UD,49.03
La_Liga,2023/2024,Post-Invernale,2024-02-15,Real Zaragoza,39.73
La_Liga,2023/2024,Post-Invernale,2024-02-15,SD Eibar,36.55
La_Liga,2023/2024,Post-Invernale,2024-02-15,Deportivo de La Coruña,30.1
La_Liga,2023/2024,Post-Invernale,2024-02-15,Málaga CF,28.91
La_Liga,2023/2024,Post-Invernale,2024-02-15,Sporting Gijón,28.75
La_Liga,2023/2024,Post-Invernale,2024-02-15,SD Huesca,28.45
La_Liga,2023/2024,Post-Invernale,2024-02-15,Real Oviedo,20.9
La_Liga,2023/2024,Post-Invernale,2024-02-15,Córdoba CF,7.25
La_Liga,2024/2025,Post-Estivo,2024-09-15,Real Madrid,1168.83
La_Liga,2024/2025,Post-Estivo,2024-09-15,FC Barcelona,1010.78
La_Liga,2024/2025,Post-Estivo,2024-09-15,Real Sociedad,510.13
La_Liga,2024/2025,Post-Estivo,2024-09-15,Atlético de Madrid,475.6
La_Liga,2024/2025,Post-Estivo,2024-09-15,Athletic Bilbao,323.18
La_Liga,2024/2025,Post-Estivo,2024-09-15,Girona FC,312.7
La_Liga,2024/2025,Post-Estivo,2024-09-15,Valencia CF,298.52
La_Liga,2024/2025,Post-Estivo,2024-09-15,Sevilla FC,286.08
La_Liga,2024/2025,Post-Estivo,2024-09-15,Villarreal CF,273.9
La_Liga,2024/2025,Post-Estivo,2024-09-15,Real Betis Balompié,254.35
La_Liga,2024/2025,Post-Estivo,2024-09-15,Celta de Vigo,200.25
La_Liga,2024/2025,Post-Estivo,2024-09-15,Deportivo Alavés,157.23
La_Liga,2024/2025,Post-Estivo,2024-09-15,Getafe CF,142.35
La_Liga,2024/2025,Post-Estivo,2024-09-15,Granada CF,135.6
La_Liga,2024/2025,Post-Estivo,2024-09-15,UD Las Palmas,127.35
La_Liga,2024/2025,Post-Estivo,2024-09-15,CA Osasuna,118.56
La_Liga,2024/2025,Post-Estivo,2024-09-15,Real Valladolid CF,110.88
La_Liga,2024/2025,Post-Estivo,2024-09-15,UD Almería,110.08
La_Liga,2024/2025,Post-Estivo,2024-09-15,RCD Mallorca,108.65
La_Liga,2024/2025,Post-Estivo,2024-09-15,Rayo Vallecano,91.88
La_Liga,2024/2025,Post-Estivo,2024-09-15,RCD Espanyol Barcelona,87.8
La_Liga,2024/2025,Post-Estivo,2024-09-15,Cádiz CF,86.85
La_Liga,2024/2025,Post-Estivo,2024-09-15,CD Leganés,69.58
La_Liga,2024/2025,Post-Estivo,2024-09-15,Elche CF,59.83
La_Liga,2024/2025,Post-Estivo,2024-09-15,Levante UD,51.83
La_Liga,2024/2025,Post-Estivo,2024-09-15,Real Zaragoza,38.92
La_Liga,2024/2025,Post-Estivo,2024-09-15,SD Eibar,36.65
La_Liga,2024/2025,Post-Estivo,2024-09-15,Deportivo de La Coruña,30.0
La_Liga,2024/2025,Post-Estivo,2024-09-15,Málaga CF,28.81
La_Liga,2024/2025,Post-Estivo,2024-09-15,SD Huesca,28.45
La_Liga,2024/2025,Post-Estivo,2024-09-15,Sporting Gijón,28.05
La_Liga,2024/2025,Post-Estivo,2024-09-15,Real Oviedo,21.7
La_Liga,2024/2025,Post-Estivo,2024-09-15,Córdoba CF,7.25
La_Liga,2024/2025,Post-Invernale,2025-02-15,Real Madrid,1290.83
La_Liga,2024/2025,Post-Invernale,2025-02-15,FC Barcelona,1185.28
La_Liga,2024/2025,Post-Invernale,2025-02-15,Atlético de Madrid,597.4
La_Liga,2024/2025,Post-Invernale,2025-02-15,Real Sociedad,456.13
La_Liga,2024/2025,Post-Invernale,2025-02-15,Athletic Bilbao,392.08
La_Liga,2024/2025,Post-Invernale,2025-02-15,Sevilla FC,325.58
La_Liga,2024/2025,Post-Invernale,2025-02-15,Valencia CF,267.63
La_Liga,2024/2025,Post-Invernale,2025-02-15,Villarreal CF,265.8
La_Liga,2024/2025,Post-Invernale,2025-02-15,Real Betis Balompié,254.25
La_Liga,2024/2025,Post-Invernale,2025-02-15,Girona FC,210.5
La_Liga,2024/2025,Post-Invernale,2025-02-15,Celta de Vigo,180.55
La_Liga,2024/2025,Post-Invernale,2025-02-15,Deportivo Alavés,156.13
La_Liga,2024/2025,Post-Invernale,2025-02-15,CA Osasuna,145.26
La_Liga,2024/2025,Post-Invernale,2025-02-15,UD Las Palmas,133.75
La_Liga,2024/2025,Post-Invernale,2025-02-15,Granada CF,128.7
La_Liga,2024/2025,Post-Invernale,2025-02-15,RCD Mallorca,126.15
La_Liga,2024/2025,Post-Invernale,2025-02-15,RCD Espanyol Barcelona,122.6
La_Liga,2024/2025,Post-Invernale,2025-02-15,Getafe CF,120.35
La_Liga,2024/2025,Post-Invernale,2025-02-15,Real Valladolid CF,118.38
La_Liga,2024/2025,Post-Invernale,2025-02-15,Rayo Vallecano,98.08
La_Liga,2024/2025,Post-Invernale,2025-02-15,UD Almería,91.78
La_Liga,2024/2025,Post-Invernale,2025-02-15,CD Leganés,89.19
La_Liga,2024/2025,Post-Invernale,2025-02-15,Elche CF,67.08
La_Liga,2024/2025,Post-Invernale,2025-02-15,Cádiz CF,65.35
La_Liga,2024/2025,Post-Invernale,2025-02-15,Levante UD,57.43
La_Liga,2024/2025,Post-Invernale,2025-02-15,Real Zaragoza,39.03
La_Liga,2024/2025,Post-Invernale,2025-02-15,SD Eibar,36.25
La_Liga,2024/2025,Post-Invernale,2025-02-15,Deportivo de La Coruña,31.7
La_Liga,2024/2025,Post-Invernale,2025-02-15,Real Oviedo,30.4
La_Liga,2024/2025,Post-Invernale,2025-02-15,Sporting Gijón,28.05
La_Liga,2024/2025,Post-Invernale,2025-02-15,Málaga CF,27.81
La_Liga,2024/2025,Post-Invernale,2025-02-15,SD Huesca,26.25
La_Liga,2024/2025,Post-Invernale,2025-02-15,Córdoba CF,8.05
La_Liga,2025/2026,Post-Estivo,2025-09-15,Real Madrid,1264.33
La_Liga,2025/2026,Post-Estivo,2025-09-15,FC Barcelona,1235.78
La_Liga,2025/2026,Post-Estivo,2025-09-15,Atlético de Madrid,603.4
La_Liga,2025/2026,Post-Estivo,2025-09-15,Athletic Bilbao,403.28
La_Liga,2025/2026,Post-Estivo,2025-09-15,Real Sociedad,358.53
La_Liga,2025/2026,Post-Estivo,2025-09-15,Sevilla FC,308.18
La_Liga,2025/2026,Post-Estivo,2025-09-15,Real Betis Balompié,306.35
La_Liga,2025/2026,Post-Estivo,2025-09-15,Villarreal CF,296.0
La_Liga,2025/2026,Post-Estivo,2025-09-15,Valencia CF,252.43
La_Liga,2025/2026,Post-Estivo,2025-09-15,Celta de Vigo,201.05
La_Liga,2025/2026,Post-Estivo,2025-09-15,Girona FC,177.4
La_Liga,2025/2026,Post-Estivo,2025-09-15,RCD Espanyol Barcelona,166.1
La_Liga,2025/2026,Post-Estivo,2025-09-15,Deportivo Alavés,153.73
La_Liga,2025/2026,Post-Estivo,2025-09-15,Getafe CF,141.35
La_Liga,2025/2026,Post-Estivo,2025-09-15,CA Osasuna,140.96
La_Liga,2025/2026,Post-Estivo,2025-09-15,UD Las Palmas,135.35
La_Liga,2025/2026,Post-Estivo,2025-09-15,Granada CF,126.5
La_Liga,2025/2026,Post-Estivo,2025-09-15,RCD Mallorca,122.05
La_Liga,2025/2026,Post-Estivo,2025-09-15,Real Valladolid CF,117.18
La_Liga,2025/2026,Post-Estivo,2025-09-15,Rayo Vallecano,102.28
La_Liga,2025/2026,Post-Estivo,2025-09-15,UD Almería,91.28
La_Liga,2025/2026,Post-Estivo,2025-09-15,CD Leganés,85.29
La_Liga,2025/2026,Post-Estivo,2025-09-15,Elche CF,74.72
La_Liga,2025/2026,Post-Estivo,2025-09-15,Cádiz CF,64.85
La_Liga,2025/2026,Post-Estivo,2025-09-15,Levante UD,60.73
La_Liga,2025/2026,Post-Estivo,2025-09-15,SD Eibar,37.55
La_Liga,2025/2026,Post-Estivo,2025-09-15,Real Zaragoza,33.83
La_Liga,2025/2026,Post-Estivo,2025-09-15,Deportivo de La Coruña,32.6
La_Liga,2025/2026,Post-Estivo,2025-09-15,Real Oviedo,31.15
La_Liga,2025/2026,Post-Estivo,2025-09-15,Sporting Gijón,27.95
La_Liga,2025/2026,Post-Estivo,2025-09-15,Málaga CF,27.21
La_Liga,2025/2026,Post-Estivo,2025-09-15,SD Huesca,26.95
La_Liga,2025/2026,Post-Estivo,2025-09-15,Córdoba CF,9.85
La_Liga,2025/2026,Post-Invernale,2026-02-15,Real Madrid,1435.83
La_Liga,2025/2026,Post-Invernale,2026-02-15,FC Barcelona,1296.68
La_Liga,2025/2026,Post-Invernale,2026-02-15,Atlético de Madrid,746.6
La_Liga,2025/2026,Post-Invernale,2026-02-15,Athletic Bilbao,345.88
La_Liga,2025/2026,Post-Invernale,2026-02-15,Real Betis Balompié,323.15
La_Liga,2025/2026,Post-Invernale,2026-02-15,Sevilla FC,311.88
La_Liga,2025/2026,Post-Invernale,2026-02-15,Villarreal CF,308.9
La_Liga,2025/2026,Post-Invernale,2026-02-15,Real Sociedad,278.63
La_Liga,2025/2026,Post-Invernale,2026-02-15,Celta de Vigo,234.65
La_Liga,2025/2026,Post-Invernale,2026-02-15,Valencia CF,231.93
La_Liga,2025/2026,Post-Invernale,2026-02-15,Girona FC,181.1
La_Liga,2025/2026,Post-Invernale,2026-02-15,RCD Espanyol Barcelona,172.05
La_Liga,2025/2026,Post-Invernale,2026-02-15,Deportivo Alavés,158.32
La_Liga,2025/2026,Post-Invernale,2026-02-15,Elche CF,151.93
La_Liga,2025/2026,Post-Invernale,2026-02-15,Rayo Vallecano,134.18
La_Liga,2025/2026,Post-Invernale,2026-02-15,Getafe CF,130.25
La_Liga,2025/2026,Post-Invernale,2026-02-15,RCD Mallorca,128.45
La_Liga,2025/2026,Post-Invernale,2026-02-15,Levante UD,126.43
La_Liga,2025/2026,Post-Invernale,2026-02-15,CA Osasuna,118.26
La_Liga,2025/2026,Post-Invernale,2026-02-15,Real Valladolid CF,108.28
La_Liga,2025/2026,Post-Invernale,2026-02-15,Granada CF,106.2
La_Liga,2025/2026,Post-Invernale,2026-02-15,UD Almería,87.48
La_Liga,2025/2026,Post-Invernale,2026-02-15,CD Leganés,72.29
La_Liga,2025/2026,Post-Invernale,2026-02-15,Cádiz CF,65.85
La_Liga,2025/2026,Post-Invernale,2026-02-15,Real Oviedo,65.35
La_Liga,2025/2026,Post-Invernale,2026-02-15,UD Las Palmas,62.85
La_Liga,2025/2026,Post-Invernale,2026-02-15,SD Eibar,36.55
La_Liga,2025/2026,Post-Invernale,2026-02-15,Deportivo de La Coruña,33.7
La_Liga,2025/2026,Post-Invernale,2026-02-15,Sporting Gijón,31.95
La_Liga,2025/2026,Post-Invernale,2026-02-15,Real Zaragoza,31.53
La_Liga,2025/2026,Post-Invernale,2026-02-15,SD Huesca,28.05
La_Liga,2025/2026,Post-Invernale,2026-02-15,Málaga CF,27.11
La_Liga,2025/2026,Post-Invernale,2026-02-15,Córdoba CF,9.65
Ligue_1,2022/2023,Post-Estivo,2022-09-15,Paris Saint-Germain,799.2
Ligue_1,2022/2023,Post-Estivo,2022-09-15,AS Monaco,417.23
Ligue_1,2022/2023,Post-Estivo,2022-09-15,OGC Nice,297.6
Ligue_1,2022/2023,Post-Estivo,2022-09-15,Olympique Marseille,290.8
Ligue_1,2022/2023,Post-Estivo,2022-09-15,Olympique Lyon,287.38
Ligue_1,2022/2023,Post-Estivo,2022-09-15,Stade Rennais FC,284.77
Ligue_1,2022/2023,Post-Estivo,2022-09-15,LOSC Lille,229.75
Ligue_1,2022/2023,Post-Estivo,2022-09-15,FC Nantes,161.95
Ligue_1,2022/2023,Post-Estivo,2022-09-15,Stade Reims,149.88
Ligue_1,2022/2023,Post-Estivo,2022-09-15,RC Lens,144.25
Ligue_1,2022/2023,Post-Estivo,2022-09-15,RC Strasbourg Alsace,135.85
Ligue_1,2022/2023,Post-Estivo,2022-09-15,AS Saint-Étienne,127.5
Ligue_1,2022/2023,Post-Estivo,2022-09-15,Montpellier HSC,124.08
Ligue_1,2022/2023,Post-Estivo,2022-09-15,FC Girondins Bordeaux,112.43
Ligue_1,2022/2023,Post-Estivo,2022-09-15,Angers SCO,107.0
Ligue_1,2022/2023,Post-Estivo,2022-09-15,FC Metz,106.2
Ligue_1,2022/2023,Post-Estivo,2022-09-15,Stade Brestois 29,103.45
Ligue_1,2022/2023,Post-Estivo,2022-09-15,ESTAC Troyes,85.5
Ligue_1,2022/2023,Post-Estivo,2022-09-15,FC Lorient,80.2
Ligue_1,2022/2023,Post-Estivo,2022-09-15,FC Toulouse,77.94
Ligue_1,2022/2023,Post-Estivo,2022-09-15,Dijon FCO,52.55
Ligue_1,2022/2023,Post-Estivo,2022-09-15,Clermont Foot 63,51.88
Ligue_1,2022/2023,Post-Estivo,2022-09-15,Amiens SC,45.63
Ligue_1,2022/2023,Post-Estivo,2022-09-15,Nîmes Olympique,37.4
Ligue_1,2022/2023,Post-Estivo,2022-09-15,AC Ajaccio,36.48
Ligue_1,2022/2023,Post-Estivo,2022-09-15,EA Guingamp,34.59
Ligue_1,2022/2023,Post-Estivo,2022-09-15,SM Caen,32.58
Ligue_1,2022/2023,Post-Estivo,2022-09-15,AJ Auxerre,29.68
Ligue_1,2022/2023,Post-Estivo,2022-09-15,Le Havre AC,25.35
Ligue_1,2022/2023,Post-Estivo,2022-09-15,SC Bastia,21.58
Ligue_1,2022/2023,Post-Estivo,2022-09-15,FC Sochaux-Montbéliard,18.4
Ligue_1,2022/2023,Post-Estivo,2022-09-15,Valenciennes FC,15.03
Ligue_1,2022/2023,Post-Estivo,2022-09-15,Paris FC,14.75
Ligue_1,2022/2023,Post-Estivo,2022-09-15,Thonon Évian Grand Genève FC,13.38
Ligue_1,2022/2023,Post-Estivo,2022-09-15,AS Nancy-Lorraine,12.68
Ligue_1,2022/2023,Post-Estivo,2022-09-15,GFC Ajaccio,5.25
Ligue_1,2022/2023,Post-Invernale,2023-02-15,Paris Saint-Germain,955.85
Ligue_1,2022/2023,Post-Invernale,2023-02-15,AS Monaco,400.58
Ligue_1,2022/2023,Post-Invernale,2023-02-15,Stade Rennais FC,349.0
Ligue_1,2022/2023,Post-Invernale,2023-02-15,Olympique Marseille,325.63
Ligue_1,2022/2023,Post-Invernale,2023-02-15,Olympique Lyon,280.18
Ligue_1,2022/2023,Post-Invernale,2023-02-15,OGC Nice,276.55
Ligue_1,2022/2023,Post-Invernale,2023-02-15,LOSC Lille,233.6
Ligue_1,2022/2023,Post-Invernale,2023-02-15,RC Lens,171.0
Ligue_1,2022/2023,Post-Invernale,2023-02-15,FC Nantes,160.03
Ligue_1,2022/2023,Post-Invernale,2023-02-15,Montpellier HSC,130.85
Ligue_1,2022/2023,Post-Invernale,2023-02-15,Stade Reims,123.58
Ligue_1,2022/2023,Post-Invernale,2023-02-15,RC Strasbourg Alsace,116.4
Ligue_1,2022/2023,Post-Invernale,2023-02-15,FC Lorient,111.25
Ligue_1,2022/2023,Post-Invernale,2023-02-15,AS Saint-Étienne,106.98
Ligue_1,2022/2023,Post-Invernale,2023-02-15,Angers SCO,106.43
Ligue_1,2022/2023,Post-Invernale,2023-02-15,ESTAC Troyes,96.8
Ligue_1,2022/2023,Post-Invernale,2023-02-15,FC Toulouse,88.71
Ligue_1,2022/2023,Post-Invernale,2023-02-15,Stade Brestois 29,86.43
Ligue_1,2022/2023,Post-Invernale,2023-02-15,FC Girondins Bordeaux,79.93
Ligue_1,2022/2023,Post-Invernale,2023-02-15,FC Metz,72.58
Ligue_1,2022/2023,Post-Invernale,2023-02-15,Dijon FCO,49.35
Ligue_1,2022/2023,Post-Invernale,2023-02-15,Amiens SC,44.9
Ligue_1,2022/2023,Post-Invernale,2023-02-15,Clermont Foot 63,43.3
Ligue_1,2022/2023,Post-Invernale,2023-02-15,AJ Auxerre,38.88
Ligue_1,2022/2023,Post-Invernale,2023-02-15,EA Guingamp,34.91
Ligue_1,2022/2023,Post-Invernale,2023-02-15,AC Ajaccio,34.65
Ligue_1,2022/2023,Post-Invernale,2023-02-15,Nîmes Olympique,32.23
Ligue_1,2022/2023,Post-Invernale,2023-02-15,SM Caen,27.88
Ligue_1,2022/2023,Post-Invernale,2023-02-15,SC Bastia,23.1
Ligue_1,2022/2023,Post-Invernale,2023-02-15,Le Havre AC,21.9
Ligue_1,2022/2023,Post-Invernale,2023-02-15,FC Sochaux-Montbéliard,19.6
Ligue_1,2022/2023,Post-Invernale,2023-02-15,Paris FC,16.4
Ligue_1,2022/2023,Post-Invernale,2023-02-15,Valenciennes FC,14.63
Ligue_1,2022/2023,Post-Invernale,2023-02-15,Thonon Évian Grand Genève FC,13.23
Ligue_1,2022/2023,Post-Invernale,2023-02-15,AS Nancy-Lorraine,12.38
Ligue_1,2022/2023,Post-Invernale,2023-02-15,GFC Ajaccio,5.35
Ligue_1,2023/2024,Post-Estivo,2023-09-15,Paris Saint-Germain,842.0
Ligue_1,2023/2024,Post-Estivo,2023-09-15,AS Monaco,364.15
Ligue_1,2023/2024,Post-Estivo,2023-09-15,Stade Rennais FC,341.65
Ligue_1,2023/2024,Post-Estivo,2023-09-15,Olympique Marseille,341.2
Ligue_1,2023/2024,Post-Estivo,2023-09-15,OGC Nice,306.3
Ligue_1,2023/2024,Post-Estivo,2023-09-15,Olympique Lyon,295.63
Ligue_1,2023/2024,Post-Estivo,2023-09-15,LOSC Lille,278.98
Ligue_1,2023/2024,Post-Estivo,2023-09-15,RC Lens,238.75
Ligue_1,2023/2024,Post-Estivo,2023-09-15,FC Nantes,175.68
Ligue_1,2023/2024,Post-Estivo,2023-09-15,Stade Reims,151.23
Ligue_1,2023/2024,Post-Estivo,2023-09-15,Montpellier HSC,149.98
Ligue_1,2023/2024,Post-Estivo,2023-09-15,FC Toulouse,127.64
Ligue_1,2023/2024,Post-Estivo,2023-09-15,FC Lorient,123.95
Ligue_1,2023/2024,Post-Estivo,2023-09-15,AS Saint-Étienne,113.5
Ligue_1,2023/2024,Post-Estivo,2023-09-15,RC Strasbourg Alsace,111.9
Ligue_1,2023/2024,Post-Estivo,2023-09-15,ESTAC Troyes,102.7
Ligue_1,2023/2024,Post-Estivo,2023-09-15,FC Girondins Bordeaux,91.18
Ligue_1,2023/2024,Post-Estivo,2023-09-15,Stade Brestois 29,84.3
Ligue_1,2023/2024,Post-Estivo,2023-09-15,Angers SCO,81.08
Ligue_1,2023/2024,Post-Estivo,2023-09-15,FC Metz,76.93
Ligue_1,2023/2024,Post-Estivo,2023-09-15,AJ Auxerre,58.68
Ligue_1,2023/2024,Post-Estivo,2023-09-15,Clermont Foot 63,53.0
Ligue_1,2023/2024,Post-Estivo,2023-09-15,Amiens SC,48.55
Ligue_1,2023/2024,Post-Estivo,2023-09-15,Dijon FCO,43.75
Ligue_1,2023/2024,Post-Estivo,2023-09-15,EA Guingamp,38.66
Ligue_1,2023/2024,Post-Estivo,2023-09-15,Le Havre AC,37.1
Ligue_1,2023/2024,Post-Estivo,2023-09-15,AC Ajaccio,32.85
Ligue_1,2023/2024,Post-Estivo,2023-09-15,Nîmes Olympique,31.1
Ligue_1,2023/2024,Post-Estivo,2023-09-15,SM Caen,28.85
Ligue_1,2023/2024,Post-Estivo,2023-09-15,SC Bastia,24.63
Ligue_1,2023/2024,Post-Estivo,2023-09-15,FC Sochaux-Montbéliard,23.9
Ligue_1,2023/2024,Post-Estivo,2023-09-15,Paris FC,16.25
Ligue_1,2023/2024,Post-Estivo,2023-09-15,Valenciennes FC,15.58
Ligue_1,2023/2024,Post-Estivo,2023-09-15,Thonon Évian Grand Genève FC,13.1
Ligue_1,2023/2024,Post-Estivo,2023-09-15,AS Nancy-Lorraine,12.25
Ligue_1,2023/2024,Post-Estivo,2023-09-15,GFC Ajaccio,5.25
Ligue_1,2023/2024,Post-Invernale,2024-02-15,Paris Saint-Germain,1206.9
Ligue_1,2023/2024,Post-Invernale,2024-02-15,AS Monaco,400.05
Ligue_1,2023/2024,Post-Invernale,2024-02-15,Olympique Marseille,354.65
Ligue_1,2023/2024,Post-Invernale,2024-02-15,OGC Nice,350.9
Ligue_1,2023/2024,Post-Invernale,2024-02-15,Stade Rennais FC,306.55
Ligue_1,2023/2024,Post-Invernale,2024-02-15,RC Lens,272.5
Ligue_1,2023/2024,Post-Invernale,2024-02-15,LOSC Lille,267.18
Ligue_1,2023/2024,Post-Invernale,2024-02-15,Olympique Lyon,226.53
Ligue_1,2023/2024,Post-Invernale,2024-02-15,FC Nantes,189.98
Ligue_1,2023/2024,Post-Invernale,2024-02-15,Stade Reims,170.28
Ligue_1,2023/2024,Post-Invernale,2024-02-15,RC Strasbourg Alsace,165.03
Ligue_1,2023/2024,Post-Invernale,2024-02-15,FC Lorient,136.8
Ligue_1,2023/2024,Post-Invernale,2024-02-15,FC Toulouse,130.91
Ligue_1,2023/2024,Post-Invernale,2024-02-15,Montpellier HSC,122.95
Ligue_1,2023/2024,Post-Invernale,2024-02-15,Stade Brestois 29,105.08
Ligue_1,2023/2024,Post-Invernale,2024-02-15,AS Saint-Étienne,103.65
Ligue_1,2023/2024,Post-Invernale,2024-02-15,FC Metz,97.95
Ligue_1,2023/2024,Post-Invernale,2024-02-15,FC Girondins Bordeaux,82.8
Ligue_1,2023/2024,Post-Invernale,2024-02-15,ESTAC Troyes,76.21
Ligue_1,2023/2024,Post-Invernale,2024-02-15,Angers SCO,73.68
Ligue_1,2023/2024,Post-Invernale,2024-02-15,Le Havre AC,71.9
Ligue_1,2023/2024,Post-Invernale,2024-02-15,Clermont Foot 63,60.4
Ligue_1,2023/2024,Post-Invernale,2024-02-15,Amiens SC,46.05
Ligue_1,2023/2024,Post-Invernale,2024-02-15,AJ Auxerre,43.53
Ligue_1,2023/2024,Post-Invernale,2024-02-15,Dijon FCO,40.25
Ligue_1,2023/2024,Post-Invernale,2024-02-15,EA Guingamp,33.86
Ligue_1,2023/2024,Post-Invernale,2024-02-15,AC Ajaccio,32.6
Ligue_1,2023/2024,Post-Invernale,2024-02-15,SM Caen,27.8
Ligue_1,2023/2024,Post-Invernale,2024-02-15,Nîmes Olympique,25.3
Ligue_1,2023/2024,Post-Invernale,2024-02-15,SC Bastia,23.13
Ligue_1,2023/2024,Post-Invernale,2024-02-15,Paris FC,17.9
Ligue_1,2023/2024,Post-Invernale,2024-02-15,FC Sochaux-Montbéliard,14.8
Ligue_1,2023/2024,Post-Invernale,2024-02-15,Thonon Évian Grand Genève FC,13.1
Ligue_1,2023/2024,Post-Invernale,2024-02-15,Valenciennes FC,12.68
Ligue_1,2023/2024,Post-Invernale,2024-02-15,AS Nancy-Lorraine,10.1
Ligue_1,2023/2024,Post-Invernale,2024-02-15,GFC Ajaccio,5.25
Ligue_1,2024/2025,Post-Estivo,2024-09-15,Paris Saint-Germain,1172.15
Ligue_1,2024/2025,Post-Estivo,2024-09-15,AS Monaco,432.05
Ligue_1,2024/2025,Post-Estivo,2024-09-15,OGC Nice,349.15
Ligue_1,2024/2025,Post-Estivo,2024-09-15,Olympique Marseille,345.4
Ligue_1,2024/2025,Post-Estivo,2024-09-15,Olympique Lyon,319.52
Ligue_1,2024/2025,Post-Estivo,2024-09-15,LOSC Lille,318.88
Ligue_1,2024/2025,Post-Estivo,2024-09-15,Stade Rennais FC,307.4
Ligue_1,2024/2025,Post-Estivo,2024-09-15,RC Lens,254.25
Ligue_1,2024/2025,Post-Estivo,2024-09-15,FC Nantes,193.38
Ligue_1,2024/2025,Post-Estivo,2024-09-15,RC Strasbourg Alsace,175.58
Ligue_1,2024/2025,Post-Estivo,2024-09-15,FC Toulouse,163.21
Ligue_1,2024/2025,Post-Estivo,2024-09-15,Stade Reims,159.28
Ligue_1,2024/2025,Post-Estivo,2024-09-15,Stade Brestois 29,135.63
Ligue_1,2024/2025,Post-Estivo,2024-09-15,FC Lorient,135.1
Ligue_1,2024/2025,Post-Estivo,2024-09-15,Montpellier HSC,124.15
Ligue_1,2024/2025,Post-Estivo,2024-09-15,AS Saint-Étienne,110.1
Ligue_1,2024/2025,Post-Estivo,2024-09-15,FC Metz,90.65
Ligue_1,2024/2025,Post-Estivo,2024-09-15,FC Girondins Bordeaux,83.65
Ligue_1,2024/2025,Post-Estivo,2024-09-15,Le Havre AC,81.9
Ligue_1,2024/2025,Post-Estivo,2024-09-15,ESTAC Troyes,74.31
Ligue_1,2024/2025,Post-Estivo,2024-09-15,Angers SCO,73.33
Ligue_1,2024/2025,Post-Estivo,2024-09-15,Clermont Foot 63,61.05
Ligue_1,2024/2025,Post-Estivo,2024-09-15,Amiens SC,48.65
Ligue_1,2024/2025,Post-Estivo,2024-09-15,AJ Auxerre,44.78
Ligue_1,2024/2025,Post-Estivo,2024-09-15,EA Guingamp,33.61
Ligue_1,2024/2025,Post-Estivo,2024-09-15,SM Caen,33.05
Ligue_1,2024/2025,Post-Estivo,2024-09-15,AC Ajaccio,32.3
Ligue_1,2024/2025,Post-Estivo,2024-09-15,Dijon FCO,27.45
Ligue_1,2024/2025,Post-Estivo,2024-09-15,Nîmes Olympique,25.35
Ligue_1,2024/2025,Post-Estivo,2024-09-15,SC Bastia,23.73
Ligue_1,2024/2025,Post-Estivo,2024-09-15,Paris FC,20.3
Ligue_1,2024/2025,Post-Estivo,2024-09-15,Valenciennes FC,14.98
Ligue_1,2024/2025,Post-Estivo,2024-09-15,FC Sochaux-Montbéliard,14.8
Ligue_1,2024/2025,Post-Estivo,2024-09-15,Thonon Évian Grand Genève FC,13.1
Ligue_1,2024/2025,Post-Estivo,2024-09-15,AS Nancy-Lorraine,10.15
Ligue_1,2024/2025,Post-Estivo,2024-09-15,GFC Ajaccio,5.25
Ligue_1,2024/2025,Post-Invernale,2025-02-15,Paris Saint-Germain,1028.65
Ligue_1,2024/2025,Post-Invernale,2025-02-15,AS Monaco,456.55
Ligue_1,2024/2025,Post-Invernale,2025-02-15,Olympique Marseille,424.2
Ligue_1,2024/2025,Post-Invernale,2025-02-15,LOSC Lille,348.43
Ligue_1,2024/2025,Post-Invernale,2025-02-15,Olympique Lyon,316.93
Ligue_1,2024/2025,Post-Invernale,2025-02-15,OGC Nice,305.68
Ligue_1,2024/2025,Post-Invernale,2025-02-15,RC Strasbourg Alsace,270.27
Ligue_1,2024/2025,Post-Invernale,2025-02-15,Stade Rennais FC,248.2
Ligue_1,2024/2025,Post-Invernale,2025-02-15,RC Lens,243.35
Ligue_1,2024/2025,Post-Invernale,2025-02-15,FC Nantes,204.38
Ligue_1,2024/2025,Post-Invernale,2025-02-15,Stade Reims,183.38
Ligue_1,2024/2025,Post-Invernale,2025-02-15,Stade Brestois 29,148.93
Ligue_1,2024/2025,Post-Invernale,2025-02-15,FC Toulouse,140.31
Ligue_1,2024/2025,Post-Invernale,2025-02-15,AS Saint-Étienne,124.7
Ligue_1,2024/2025,Post-Invernale,2025-02-15,Montpellier HSC,113.8
Ligue_1,2024/2025,Post-Invernale,2025-02-15,FC Lorient,107.0
Ligue_1,2024/2025,Post-Invernale,2025-02-15,Le Havre AC,83.55
Ligue_1,2024/2025,Post-Invernale,2025-02-15,FC Metz,83.5
Ligue_1,2024/2025,Post-Invernale,2025-02-15,Angers SCO,82.13
Ligue_1,2024/2025,Post-Invernale,2025-02-15,AJ Auxerre,74.4
Ligue_1,2024/2025,Post-Invernale,2025-02-15,FC Girondins Bordeaux,74.25
Ligue_1,2024/2025,Post-Invernale,2025-02-15,ESTAC Troyes,68.46
Ligue_1,2024/2025,Post-Invernale,2025-02-15,Amiens SC,46.85
Ligue_1,2024/2025,Post-Invernale,2025-02-15,Clermont Foot 63,45.6
Ligue_1,2024/2025,Post-Invernale,2025-02-15,EA Guingamp,35.86
Ligue_1,2024/2025,Post-Invernale,2025-02-15,AC Ajaccio,31.8
Ligue_1,2024/2025,Post-Invernale,2025-02-15,SM Caen,31.75
Ligue_1,2024/2025,Post-Invernale,2025-02-15,Paris FC,30.35
Ligue_1,2024/2025,Post-Invernale,2025-02-15,Dijon FCO,26.25
Ligue_1,2024/2025,Post-Invernale,2025-02-15,Nîmes Olympique,25.6
Ligue_1,2024/2025,Post-Invernale,2025-02-15,SC Bastia,22.73
Ligue_1,2024/2025,Post-Invernale,2025-02-15,Valenciennes FC,14.93
Ligue_1,2024/2025,Post-Invernale,2025-02-15,FC Sochaux-Montbéliard,14.85
Ligue_1,2024/2025,Post-Invernale,2025-02-15,Thonon Évian Grand Genève FC,13.1
Ligue_1,2024/2025,Post-Invernale,2025-02-15,AS Nancy-Lorraine,10.55
Ligue_1,2024/2025,Post-Invernale,2025-02-15,GFC Ajaccio,5.25
Ligue_1,2025/2026,Post-Estivo,2025-09-15,Paris Saint-Germain,1233.65
Ligue_1,2025/2026,Post-Estivo,2025-09-15,AS Monaco,476.35
Ligue_1,2025/2026,Post-Estivo,2025-09-15,Olympique Marseille,429.9
Ligue_1,2025/2026,Post-Estivo,2025-09-15,LOSC Lille,380.93
Ligue_1,2025/2026,Post-Estivo,2025-09-15,Olympique Lyon,335.73
Ligue_1,2025/2026,Post-Estivo,2025-09-15,RC Strasbourg Alsace,311.18
Ligue_1,2025/2026,Post-Estivo,2025-09-15,OGC Nice,308.02
Ligue_1,2025/2026,Post-Estivo,2025-09-15,Stade Rennais FC,285.55
Ligue_1,2025/2026,Post-Estivo,2025-09-15,FC Nantes,219.88
Ligue_1,2025/2026,Post-Estivo,2025-09-15,RC Lens,182.45
Ligue_1,2025/2026,Post-Estivo,2025-09-15,Stade Reims,160.28
Ligue_1,2025/2026,Post-Estivo,2025-09-15,FC Toulouse,158.06
Ligue_1,2025/2026,Post-Estivo,2025-09-15,Stade Brestois 29,134.13
Ligue_1,2025/2026,Post-Estivo,2025-09-15,AS Saint-Étienne,124.65
Ligue_1,2025/2026,Post-Estivo,2025-09-15,FC Lorient,119.3
Ligue_1,2025/2026,Post-Estivo,2025-09-15,FC Metz,100.6
Ligue_1,2025/2026,Post-Estivo,2025-09-15,AJ Auxerre,96.2
Ligue_1,2025/2026,Post-Estivo,2025-09-15,Angers SCO,95.03
Ligue_1,2025/2026,Post-Estivo,2025-09-15,Montpellier HSC,89.65
Ligue_1,2025/2026,Post-Estivo,2025-09-15,Le Havre AC,87.35
Ligue_1,2025/2026,Post-Estivo,2025-09-15,ESTAC Troyes,77.21
Ligue_1,2025/2026,Post-Estivo,2025-09-15,FC Girondins Bordeaux,74.35
Ligue_1,2025/2026,Post-Estivo,2025-09-15,Amiens SC,47.75
Ligue_1,2025/2026,Post-Estivo,2025-09-15,Clermont Foot 63,44.55
Ligue_1,2025/2026,Post-Estivo,2025-09-15,Paris FC,43.65
Ligue_1,2025/2026,Post-Estivo,2025-09-15,EA Guingamp,42.81
Ligue_1,2025/2026,Post-Estivo,2025-09-15,AC Ajaccio,33.5
Ligue_1,2025/2026,Post-Estivo,2025-09-15,SM Caen,26.85
Ligue_1,2025/2026,Post-Estivo,2025-09-15,Dijon FCO,26.7
Ligue_1,2025/2026,Post-Estivo,2025-09-15,Nîmes Olympique,24.95
Ligue_1,2025/2026,Post-Estivo,2025-09-15,SC Bastia,24.03
Ligue_1,2025/2026,Post-Estivo,2025-09-15,FC Sochaux-Montbéliard,15.25
Ligue_1,2025/2026,Post-Estivo,2025-09-15,Valenciennes FC,14.68
Ligue_1,2025/2026,Post-Estivo,2025-09-15,Thonon Évian Grand Genève FC,13.1
Ligue_1,2025/2026,Post-Estivo,2025-09-15,AS Nancy-Lorraine,10.9
Ligue_1,2025/2026,Post-Estivo,2025-09-15,GFC Ajaccio,5.25
Ligue_1,2025/2026,Post-Invernale,2026-02-15,Paris Saint-Germain,1379.15
Ligue_1,2025/2026,Post-Invernale,2026-02-15,Olympique Marseille,552.5
Ligue_1,2025/2026,Post-Invernale,2026-02-15,AS Monaco,436.35
Ligue_1,2025/2026,Post-Invernale,2026-02-15,RC Strasbourg Alsace,369.23
Ligue_1,2025/2026,Post-Invernale,2026-02-15,Olympique Lyon,300.68
Ligue_1,2025/2026,Post-Invernale,2026-02-15,LOSC Lille,297.63
Ligue_1,2025/2026,Post-Invernale,2026-02-15,Stade Rennais FC,284.25
Ligue_1,2025/2026,Post-Invernale,2026-02-15,OGC Nice,258.33
Ligue_1,2025/2026,Post-Invernale,2026-02-15,FC Nantes,239.08
Ligue_1,2025/2026,Post-Invernale,2026-02-15,FC Toulouse,171.26
Ligue_1,2025/2026,Post-Invernale,2026-02-15,RC Lens,160.5
Ligue_1,2025/2026,Post-Invernale,2026-02-15,Stade Reims,146.6
Ligue_1,2025/2026,Post-Invernale,2026-02-15,FC Lorient,133.4
Ligue_1,2025/2026,Post-Invernale,2026-02-15,AS Saint-Étienne,128.9
Ligue_1,2025/2026,Post-Invernale,2026-02-15,Stade Brestois 29,128.38
Ligue_1,2025/2026,Post-Invernale,2026-02-15,FC Metz,116.1
Ligue_1,2025/2026,Post-Invernale,2026-02-15,Angers SCO,110.53
Ligue_1,2025/2026,Post-Invernale,2026-02-15,AJ Auxerre,104.0
Ligue_1,2025/2026,Post-Invernale,2026-02-15,Paris FC,95.75
Ligue_1,2025/2026,Post-Invernale,2026-02-15,Le Havre AC,92.25
Ligue_1,2025/2026,Post-Invernale,2026-02-15,FC Girondins Bordeaux,73.95
Ligue_1,2025/2026,Post-Invernale,2026-02-15,Montpellier HSC,73.1
Ligue_1,2025/2026,Post-Invernale,2026-02-15,ESTAC Troyes,70.41
Ligue_1,2025/2026,Post-Invernale,2026-02-15,Amiens SC,46.0
Ligue_1,2025/2026,Post-Invernale,2026-02-15,Clermont Foot 63,44.25
Ligue_1,2025/2026,Post-Invernale,2026-02-15,EA Guingamp,41.81
Ligue_1,2025/2026,Post-Invernale,2026-02-15,AC Ajaccio,32.0
Ligue_1,2025/2026,Post-Invernale,2026-02-15,Dijon FCO,26.1
Ligue_1,2025/2026,Post-Invernale,2026-02-15,SM Caen,26.05
Ligue_1,2025/2026,Post-Invernale,2026-02-15,Nîmes Olympique,24.95
Ligue_1,2025/2026,Post-Invernale,2026-02-15,SC Bastia,23.83
Ligue_1,2025/2026,Post-Invernale,2026-02-15,FC Sochaux-Montbéliard,15.65
Ligue_1,2025/2026,Post-Invernale,2026-02-15,Thonon Évian Grand Genève FC,13.1
Ligue_1,2025/2026,Post-Invernale,2026-02-15,Valenciennes FC,13.08
Ligue_1,2025/2026,Post-Invernale,2026-02-15,AS Nancy-Lorraine,9.93
Ligue_1,2025/2026,Post-Invernale,2026-02-15,GFC Ajaccio,5.25
Premier_League,2022/2023,Post-Estivo,2022-09-15,Chelsea FC,1030.9
Premier_League,2022/2023,Post-Estivo,2022-09-15,Liverpool FC,998.5
Premier_League,2022/2023,Post-Estivo,2022-09-15,Manchester United,976.38
Premier_League,2022/2023,Post-Estivo,2022-09-15,Manchester City,924.15
Premier_League,2022/2023,Post-Estivo,2022-09-15,Tottenham Hotspur,760.25
Premier_League,2022/2023,Post-Estivo,2022-09-15,Arsenal FC,757.85
Premier_League,2022/2023,Post-Estivo,2022-09-15,West Ham United,550.88
Premier_League,2022/2023,Post-Estivo,2022-09-15,Everton FC,527.63
Premier_League,2022/2023,Post-Estivo,2022-09-15,Aston Villa,509.08
Premier_League,2022/2023,Post-Estivo,2022-09-15,Wolverhampton Wanderers,503.8
Premier_League,2022/2023,Post-Estivo,2022-09-15,Leicester City,503.0
Premier_League,2022/2023,Post-Estivo,2022-09-15,Newcastle United,436.15
Premier_League,2022/2023,Post-Estivo,2022-09-15,Southampton FC,390.28
Premier_League,2022/2023,Post-Estivo,2022-09-15,Leeds United,361.2
Premier_League,2022/2023,Post-Estivo,2022-09-15,Crystal Palace,329.33
Premier_League,2022/2023,Post-Estivo,2022-09-15,Brighton & Hove Albion,329.3
Premier_League,2022/2023,Post-Estivo,2022-09-15,Brentford FC,290.7
Premier_League,2022/2023,Post-Estivo,2022-09-15,Nottingham Forest,239.25
Premier_League,2022/2023,Post-Estivo,2022-09-15,Fulham FC,200.9
Premier_League,2022/2023,Post-Estivo,2022-09-15,Watford FC,187.58
Premier_League,2022/2023,Post-Estivo,2022-09-15,AFC Bournemouth,175.3
Premier_League,2022/2023,Post-Estivo,2022-09-15,Norwich City,165.23
Premier_League,2022/2023,Post-Estivo,2022-09-15,Burnley FC,143.57
Premier_League,2022/2023,Post-Estivo,2022-09-15,Sheffield United,100.3
Premier_League,2022/2023,Post-Estivo,2022-09-15,West Bromwich Albion,86.04
Premier_League,2022/2023,Post-Estivo,2022-09-15,Middlesbrough FC,78.4
Premier_League,2022/2023,Post-Estivo,2022-09-15,Swansea City,73.38
Premier_League,2022/2023,Post-Estivo,2022-09-15,Stoke City,69.93
Premier_League,2022/2023,Post-Estivo,2022-09-15,Sunderland AFC,65.3
Premier_League,2022/2023,Post-Estivo,2022-09-15,Huddersfield Town,61.58
Premier_League,2022/2023,Post-Estivo,2022-09-15,Hull City,52.95
Premier_League,2022/2023,Post-Estivo,2022-09-15,Reading FC,35.3
Premier_League,2022/2023,Post-Estivo,2022-09-15,Cardiff City,32.24
Premier_League,2022/2023,Post-Estivo,2022-09-15,Queens Park Rangers,30.93
Premier_League,2022/2023,Post-Estivo,2022-09-15,Luton Town,22.2
Premier_League,2022/2023,Post-Estivo,2022-09-15,Wigan Athletic,14.4
Premier_League,2022/2023,Post-Estivo,2022-09-15,Ipswich Town,7.35
Premier_League,2022/2023,Post-Invernale,2023-02-15,Manchester City,1144.68
Premier_League,2022/2023,Post-Invernale,2023-02-15,Chelsea FC,881.3
Premier_League,2022/2023,Post-Invernale,2023-02-15,Liverpool FC,870.68
Premier_League,2022/2023,Post-Invernale,2023-02-15,Manchester United,862.78
Premier_League,2022/2023,Post-Invernale,2023-02-15,Arsenal FC,801.28
Premier_League,2022/2023,Post-Invernale,2023-02-15,Tottenham Hotspur,774.45
Premier_League,2022/2023,Post-Invernale,2023-02-15,Aston Villa,538.33
Premier_League,2022/2023,Post-Invernale,2023-02-15,West Ham United,529.6
Premier_League,2022/2023,Post-Invernale,2023-02-15,Everton FC,525.63
Premier_League,2022/2023,Post-Invernale,2023-02-15,Newcastle United,466.85
Premier_League,2022/2023,Post-Invernale,2023-02-15,Leicester City,464.55
Premier_League,2022/2023,Post-Invernale,2023-02-15,Wolverhampton Wanderers,434.25
Premier_League,2022/2023,Post-Invernale,2023-02-15,Brighton & Hove Albion,397.38
Premier_League,2022/2023,Post-Invernale,2023-02-15,Southampton FC,375.68
Premier_League,2022/2023,Post-Invernale,2023-02-15,Crystal Palace,337.28
Premier_League,2022/2023,Post-Invernale,2023-02-15,Nottingham Forest,325.15
Premier_League,2022/2023,Post-Invernale,2023-02-15,Brentford FC,324.4
Premier_League,2022/2023,Post-Invernale,2023-02-15,Leeds United,304.05
Premier_League,2022/2023,Post-Invernale,2023-02-15,Fulham FC,279.85
Premier_League,2022/2023,Post-Invernale,2023-02-15,AFC Bournemouth,203.33
Premier_League,2022/2023,Post-Invernale,2023-02-15,Watford FC,157.57
Premier_League,2022/2023,Post-Invernale,2023-02-15,Norwich City,145.38
Premier_League,2022/2023,Post-Invernale,2023-02-15,Burnley FC,126.33
Premier_League,2022/2023,Post-Invernale,2023-02-15,Sheffield United,105.15
Premier_League,2022/2023,Post-Invernale,2023-02-15,West Bromwich Albion,81.37
Premier_League,2022/2023,Post-Invernale,2023-02-15,Middlesbrough FC,73.1
Premier_League,2022/2023,Post-Invernale,2023-02-15,Sunderland AFC,69.1
Premier_League,2022/2023,Post-Invernale,2023-02-15,Swansea City,68.33
Premier_League,2022/2023,Post-Invernale,2023-02-15,Hull City,65.6
Premier_League,2022/2023,Post-Invernale,2023-02-15,Stoke City,64.22
Premier_League,2022/2023,Post-Invernale,2023-02-15,Huddersfield Town,59.33
Premier_League,2022/2023,Post-Invernale,2023-02-15,Cardiff City,36.39
Premier_League,2022/2023,Post-Invernale,2023-02-15,Reading FC,36.2
Premier_League,2022/2023,Post-Invernale,2023-02-15,Queens Park Rangers,34.92
Premier_League,2022/2023,Post-Invernale,2023-02-15,Luton Town,27.75
Premier_League,2022/2023,Post-Invernale,2023-02-15,Wigan Athletic,13.15
Premier_League,2022/2023,Post-Invernale,2023-02-15,Ipswich Town,7.55
Premier_League,2023/2024,Post-Estivo,2023-09-15,Manchester City,1153.83
Premier_League,2023/2024,Post-Estivo,2023-09-15,Arsenal FC,1025.08
Premier_League,2023/2024,Post-Estivo,2023-09-15,Chelsea FC,1023.03
Premier_League,2023/2024,Post-Estivo,2023-09-15,Manchester United,871.18
Premier_League,2023/2024,Post-Estivo,2023-09-15,Liverpool FC,808.55
Premier_League,2023/2024,Post-Estivo,2023-09-15,Tottenham Hotspur,726.5
Premier_League,2023/2024,Post-Estivo,2023-09-15,Newcastle United,542.35
Premier_League,2023/2024,Post-Estivo,2023-09-15,Aston Villa,525.38
Premier_League,2023/2024,Post-Estivo,2023-09-15,Brighton & Hove Albion,515.7
Premier_League,2023/2024,Post-Estivo,2023-09-15,West Ham United,511.3
Premier_League,2023/2024,Post-Estivo,2023-09-15,Wolverhampton Wanderers,509.2
Premier_League,2023/2024,Post-Estivo,2023-09-15,Leicester City,464.85
Premier_League,2023/2024,Post-Estivo,2023-09-15,Southampton FC,460.25
Premier_League,2023/2024,Post-Estivo,2023-09-15,Everton FC,457.88
Premier_League,2023/2024,Post-Estivo,2023-09-15,Brentford FC,386.55
Premier_League,2023/2024,Post-Estivo,2023-09-15,Nottingham Forest,383.95
Premier_League,2023/2024,Post-Estivo,2023-09-15,Leeds United,347.7
Premier_League,2023/2024,Post-Estivo,2023-09-15,Crystal Palace,344.86
Premier_League,2023/2024,Post-Estivo,2023-09-15,Fulham FC,310.6
Premier_League,2023/2024,Post-Estivo,2023-09-15,AFC Bournemouth,305.0
Premier_League,2023/2024,Post-Estivo,2023-09-15,Watford FC,181.98
Premier_League,2023/2024,Post-Estivo,2023-09-15,Burnley FC,166.53
Premier_League,2023/2024,Post-Estivo,2023-09-15,Norwich City,137.95
Premier_League,2023/2024,Post-Estivo,2023-09-15,Sheffield United,127.58
Premier_League,2023/2024,Post-Estivo,2023-09-15,Swansea City,78.43
Premier_League,2023/2024,Post-Estivo,2023-09-15,West Bromwich Albion,77.69
Premier_League,2023/2024,Post-Estivo,2023-09-15,Sunderland AFC,75.08
Premier_League,2023/2024,Post-Estivo,2023-09-15,Middlesbrough FC,70.58
Premier_League,2023/2024,Post-Estivo,2023-09-15,Hull City,63.78
Premier_League,2023/2024,Post-Estivo,2023-09-15,Huddersfield Town,60.2
Premier_League,2023/2024,Post-Estivo,2023-09-15,Stoke City,56.98
Premier_League,2023/2024,Post-Estivo,2023-09-15,Queens Park Rangers,35.78
Premier_League,2023/2024,Post-Estivo,2023-09-15,Luton Town,33.8
Premier_League,2023/2024,Post-Estivo,2023-09-15,Cardiff City,30.06
Premier_League,2023/2024,Post-Estivo,2023-09-15,Reading FC,27.63
Premier_League,2023/2024,Post-Estivo,2023-09-15,Ipswich Town,14.98
Premier_League,2023/2024,Post-Estivo,2023-09-15,Wigan Athletic,12.05
Premier_League,2023/2024,Post-Invernale,2024-02-15,Manchester City,1362.78
Premier_League,2023/2024,Post-Invernale,2024-02-15,Arsenal FC,1150.47
Premier_League,2023/2024,Post-Invernale,2024-02-15,Chelsea FC,1080.28
Premier_League,2023/2024,Post-Invernale,2024-02-15,Liverpool FC,952.58
Premier_League,2023/2024,Post-Invernale,2024-02-15,Manchester United,883.3
Premier_League,2023/2024,Post-Invernale,2024-02-15,Tottenham Hotspur,860.15
Premier_League,2023/2024,Post-Invernale,2024-02-15,Aston Villa,700.75
Premier_League,2023/2024,Post-Invernale,2024-02-15,Newcastle United,691.55
Premier_League,2023/2024,Post-Invernale,2024-02-15,Brighton & Hove Albion,561.42
Premier_League,2023/2024,Post-Invernale,2024-02-15,West Ham United,537.73
Premier_League,2023/2024,Post-Invernale,2024-02-15,Wolverhampton Wanderers,490.15
Premier_League,2023/2024,Post-Invernale,2024-02-15,Nottingham Forest,478.3
Premier_League,2023/2024,Post-Invernale,2024-02-15,Everton FC,450.23
Premier_League,2023/2024,Post-Invernale,2024-02-15,Crystal Palace,433.86
Premier_League,2023/2024,Post-Invernale,2024-02-15,Brentford FC,414.2
Premier_League,2023/2024,Post-Invernale,2024-02-15,Fulham FC,382.1
Premier_League,2023/2024,Post-Invernale,2024-02-15,AFC Bournemouth,364.7
Premier_League,2023/2024,Post-Invernale,2024-02-15,Southampton FC,309.75
Premier_League,2023/2024,Post-Invernale,2024-02-15,Leicester City,298.4
Premier_League,2023/2024,Post-Invernale,2024-02-15,Burnley FC,280.23
Premier_League,2023/2024,Post-Invernale,2024-02-15,Leeds United,244.6
Premier_League,2023/2024,Post-Invernale,2024-02-15,Sheffield United,167.73
Premier_League,2023/2024,Post-Invernale,2024-02-15,Watford FC,124.23
Premier_League,2023/2024,Post-Invernale,2024-02-15,Norwich City,122.35
Premier_League,2023/2024,Post-Invernale,2024-02-15,Luton Town,109.4
Premier_League,2023/2024,Post-Invernale,2024-02-15,Sunderland AFC,98.78
Premier_League,2023/2024,Post-Invernale,2024-02-15,Hull City,89.38
Premier_League,2023/2024,Post-Invernale,2024-02-15,Middlesbrough FC,83.48
Premier_League,2023/2024,Post-Invernale,2024-02-15,West Bromwich Albion,75.3
Premier_League,2023/2024,Post-Invernale,2024-02-15,Swansea City,69.63
Premier_League,2023/2024,Post-Invernale,2024-02-15,Stoke City,64.45
Premier_League,2023/2024,Post-Invernale,2024-02-15,Huddersfield Town,58.65
Premier_League,2023/2024,Post-Invernale,2024-02-15,Ipswich Town,39.25
Premier_League,2023/2024,Post-Invernale,2024-02-15,Cardiff City,38.01
Premier_League,2023/2024,Post-Invernale,2024-02-15,Queens Park Rangers,35.92
Premier_League,2023/2024,Post-Invernale,2024-02-15,Reading FC,24.93
Premier_League,2023/2024,Post-Invernale,2024-02-15,Wigan Athletic,13.45
Premier_League,2024/2025,Post-Estivo,2024-09-15,Manchester City,1354.78
Premier_League,2024/2025,Post-Estivo,2024-09-15,Arsenal FC,1183.47
Premier_League,2024/2025,Post-Estivo,2024-09-15,Chelsea FC,1015.28
Premier_League,2024/2025,Post-Estivo,2024-09-15,Liverpool FC,1004.38
Premier_League,2024/2025,Post-Estivo,2024-09-15,Tottenham Hotspur,887.15
Premier_League,2024/2025,Post-Estivo,2024-09-15,Manchester United,825.3
Premier_League,2024/2025,Post-Estivo,2024-09-15,Aston Villa,714.45
Premier_League,2024/2025,Post-Estivo,2024-09-15,Newcastle United,689.55
Premier_League,2024/2025,Post-Estivo,2024-09-15,Brighton & Hove Albion,568.42
Premier_League,2024/2025,Post-Estivo,2024-09-15,Crystal Palace,514.66
Premier_League,2024/2025,Post-Estivo,2024-09-15,West Ham United,504.73
Premier_League,2024/2025,Post-Estivo,2024-09-15,Wolverhampton Wanderers,485.58
Premier_League,2024/2025,Post-Estivo,2024-09-15,Nottingham Forest,478.7
Premier_League,2024/2025,Post-Estivo,2024-09-15,Everton FC,458.23
Premier_League,2024/2025,Post-Estivo,2024-09-15,Brentford FC,444.98
Premier_League,2024/2025,Post-Estivo,2024-09-15,Fulham FC,416.9
Premier_League,2024/2025,Post-Estivo,2024-09-15,AFC Bournemouth,392.7
Premier_League,2024/2025,Post-Estivo,2024-09-15,Southampton FC,295.25
Premier_League,2024/2025,Post-Estivo,2024-09-15,Burnley FC,278.23
Premier_League,2024/2025,Post-Estivo,2024-09-15,Leicester City,268.6
Premier_League,2024/2025,Post-Estivo,2024-09-15,Leeds United,253.0
Premier_League,2024/2025,Post-Estivo,2024-09-15,Sheffield United,161.28
Premier_League,2024/2025,Post-Estivo,2024-09-15,Norwich City,136.05
Premier_League,2024/2025,Post-Estivo,2024-09-15,Luton Town,134.05
Premier_League,2024/2025,Post-Estivo,2024-09-15,Hull City,131.57
Premier_League,2024/2025,Post-Estivo,2024-09-15,Watford FC,125.23
Premier_League,2024/2025,Post-Estivo,2024-09-15,Sunderland AFC,107.58
Premier_League,2024/2025,Post-Estivo,2024-09-15,Middlesbrough FC,89.88
Premier_League,2024/2025,Post-Estivo,2024-09-15,Stoke City,75.95
Premier_League,2024/2025,Post-Estivo,2024-09-15,West Bromwich Albion,75.9
Premier_League,2024/2025,Post-Estivo,2024-09-15,Swansea City,70.58
Premier_League,2024/2025,Post-Estivo,2024-09-15,Ipswich Town,60.05
Premier_League,2024/2025,Post-Estivo,2024-09-15,Huddersfield Town,59.45
Premier_League,2024/2025,Post-Estivo,2024-09-15,Cardiff City,51.51
Premier_League,2024/2025,Post-Estivo,2024-09-15,Queens Park Rangers,39.53
Premier_League,2024/2025,Post-Estivo,2024-09-15,Reading FC,24.9
Premier_League,2024/2025,Post-Estivo,2024-09-15,Wigan Athletic,13.48
Premier_League,2024/2025,Post-Invernale,2025-02-15,Manchester City,1263.78
Premier_League,2024/2025,Post-Invernale,2025-02-15,Arsenal FC,1217.47
Premier_League,2024/2025,Post-Invernale,2025-02-15,Chelsea FC,1120.47
Premier_League,2024/2025,Post-Invernale,2025-02-15,Liverpool FC,1078.03
Premier_League,2024/2025,Post-Invernale,2025-02-15,Manchester United,933.3
Premier_League,2024/2025,Post-Invernale,2025-02-15,Tottenham Hotspur,888.15
Premier_League,2024/2025,Post-Invernale,2025-02-15,Aston Villa,725.65
Premier_League,2024/2025,Post-Invernale,2025-02-15,Newcastle United,692.25
Premier_League,2024/2025,Post-Invernale,2025-02-15,Brighton & Hove Albion,666.93
Premier_League,2024/2025,Post-Invernale,2025-02-15,West Ham United,542.42
Premier_League,2024/2025,Post-Invernale,2025-02-15,Nottingham Forest,529.2
Premier_League,2024/2025,Post-Invernale,2025-02-15,Wolverhampton Wanderers,500.88
Premier_League,2024/2025,Post-Invernale,2025-02-15,Brentford FC,485.88
Premier_League,2024/2025,Post-Invernale,2025-02-15,Crystal Palace,476.71
Premier_League,2024/2025,Post-Invernale,2025-02-15,Fulham FC,425.65
Premier_League,2024/2025,Post-Invernale,2025-02-15,Everton FC,424.53
Premier_League,2024/2025,Post-Invernale,2025-02-15,AFC Bournemouth,422.9
Premier_League,2024/2025,Post-Invernale,2025-02-15,Southampton FC,403.35
Premier_League,2024/2025,Post-Invernale,2025-02-15,Leicester City,336.8
Premier_League,2024/2025,Post-Invernale,2025-02-15,Ipswich Town,241.0
Premier_League,2024/2025,Post-Invernale,2025-02-15,Burnley FC,240.88
Premier_League,2024/2025,Post-Invernale,2025-02-15,Leeds United,227.1
Premier_League,2024/2025,Post-Invernale,2025-02-15,Sunderland AFC,133.43
Premier_League,2024/2025,Post-Invernale,2025-02-15,Norwich City,130.6
Premier_League,2024/2025,Post-Invernale,2025-02-15,Sheffield United,116.98
Premier_League,2024/2025,Post-Invernale,2025-02-15,Luton Town,110.25
Premier_League,2024/2025,Post-Invernale,2025-02-15,Middlesbrough FC,110.03
Premier_League,2024/2025,Post-Invernale,2025-02-15,Watford FC,108.88
Premier_League,2024/2025,Post-Invernale,2025-02-15,West Bromwich Albion,87.65
Premier_League,2024/2025,Post-Invernale,2025-02-15,Hull City,82.78
Premier_League,2024/2025,Post-Invernale,2025-02-15,Stoke City,78.25
Premier_League,2024/2025,Post-Invernale,2025-02-15,Swansea City,62.88
Premier_League,2024/2025,Post-Invernale,2025-02-15,Cardiff City,54.46
Premier_League,2024/2025,Post-Invernale,2025-02-15,Huddersfield Town,50.3
Premier_League,2024/2025,Post-Invernale,2025-02-15,Queens Park Rangers,46.43
Premier_League,2024/2025,Post-Invernale,2025-02-15,Reading FC,22.2
Premier_League,2024/2025,Post-Invernale,2025-02-15,Wigan Athletic,18.58
Premier_League,2025/2026,Post-Estivo,2025-09-15,Manchester City,1314.68
Premier_League,2025/2026,Post-Estivo,2025-09-15,Arsenal FC,1168.97
Premier_League,2025/2026,Post-Estivo,2025-09-15,Chelsea FC,1082.78
Premier_League,2025/2026,Post-Estivo,2025-09-15,Liverpool FC,1050.93
Premier_League,2025/2026,Post-Estivo,2025-09-15,Tottenham Hotspur,876.95
Premier_League,2025/2026,Post-Estivo,2025-09-15,Manchester United,792.25
Premier_League,2025/2026,Post-Estivo,2025-09-15,Aston Villa,768.2
Premier_League,2025/2026,Post-Estivo,2025-09-15,Newcastle United,720.38
Premier_League,2025/2026,Post-Estivo,2025-09-15,Brighton & Hove Albion,640.42
Premier_League,2025/2026,Post-Estivo,2025-09-15,Wolverhampton Wanderers,550.28
Premier_League,2025/2026,Post-Estivo,2025-09-15,Nottingham Forest,544.6
Premier_League,2025/2026,Post-Estivo,2025-09-15,West Ham United,503.43
Premier_League,2025/2026,Post-Estivo,2025-09-15,AFC Bournemouth,492.15
Premier_League,2025/2026,Post-Estivo,2025-09-15,Crystal Palace,490.36
Premier_League,2025/2026,Post-Estivo,2025-09-15,Brentford FC,480.88
Premier_League,2025/2026,Post-Estivo,2025-09-15,Everton FC,425.98
Premier_League,2025/2026,Post-Estivo,2025-09-15,Fulham FC,423.8
Premier_League,2025/2026,Post-Estivo,2025-09-15,Southampton FC,341.95
Premier_League,2025/2026,Post-Estivo,2025-09-15,Leicester City,298.8
Premier_League,2025/2026,Post-Estivo,2025-09-15,Ipswich Town,265.8
Premier_League,2025/2026,Post-Estivo,2025-09-15,Burnley FC,265.27
Premier_League,2025/2026,Post-Estivo,2025-09-15,Leeds United,264.95
Premier_League,2025/2026,Post-Estivo,2025-09-15,Sunderland AFC,200.23
Premier_League,2025/2026,Post-Estivo,2025-09-15,Sheffield United,148.48
Premier_League,2025/2026,Post-Estivo,2025-09-15,Norwich City,141.5
Premier_League,2025/2026,Post-Estivo,2025-09-15,Middlesbrough FC,124.78
Premier_League,2025/2026,Post-Estivo,2025-09-15,Watford FC,107.93
Premier_League,2025/2026,Post-Estivo,2025-09-15,Luton Town,100.55
Premier_League,2025/2026,Post-Estivo,2025-09-15,West Bromwich Albion,99.6
Premier_League,2025/2026,Post-Estivo,2025-09-15,Hull City,81.63
Premier_League,2025/2026,Post-Estivo,2025-09-15,Stoke City,80.55
Premier_League,2025/2026,Post-Estivo,2025-09-15,Swansea City,72.18
Premier_League,2025/2026,Post-Estivo,2025-09-15,Queens Park Rangers,56.13
Premier_League,2025/2026,Post-Estivo,2025-09-15,Cardiff City,54.66
Premier_League,2025/2026,Post-Estivo,2025-09-15,Huddersfield Town,50.55
Premier_League,2025/2026,Post-Estivo,2025-09-15,Reading FC,21.5
Premier_League,2025/2026,Post-Estivo,2025-09-15,Wigan Athletic,17.18
Premier_League,2025/2026,Post-Invernale,2026-02-15,Arsenal FC,1414.98
Premier_League,2025/2026,Post-Invernale,2026-02-15,Chelsea FC,1310.98
Premier_League,2025/2026,Post-Invernale,2026-02-15,Manchester City,1264.18
Premier_League,2025/2026,Post-Invernale,2026-02-15,Liverpool FC,1221.22
Premier_League,2025/2026,Post-Invernale,2026-02-15,Tottenham Hotspur,1034.85
Premier_League,2025/2026,Post-Invernale,2026-02-15,Manchester United,865.2
Premier_League,2025/2026,Post-Invernale,2026-02-15,Newcastle United,785.48
Premier_League,2025/2026,Post-Invernale,2026-02-15,Nottingham Forest,773.5
Premier_League,2025/2026,Post-Invernale,2026-02-15,Aston Villa,697.2
Premier_League,2025/2026,Post-Invernale,2026-02-15,Brighton & Hove Albion,601.83
Premier_League,2025/2026,Post-Invernale,2026-02-15,Crystal Palace,551.46
Premier_League,2025/2026,Post-Invernale,2026-02-15,Wolverhampton Wanderers,533.33
Premier_League,2025/2026,Post-Invernale,2026-02-15,AFC Bournemouth,525.9
Premier_League,2025/2026,Post-Invernale,2026-02-15,Brentford FC,524.6
Premier_League,2025/2026,Post-Invernale,2026-02-15,West Ham United,495.98
Premier_League,2025/2026,Post-Invernale,2026-02-15,Everton FC,490.68
Premier_League,2025/2026,Post-Invernale,2026-02-15,Fulham FC,451.65
Premier_League,2025/2026,Post-Invernale,2026-02-15,Sunderland AFC,398.13
Premier_League,2025/2026,Post-Invernale,2026-02-15,Leeds United,372.53
Premier_League,2025/2026,Post-Invernale,2026-02-15,Burnley FC,316.08
Premier_League,2025/2026,Post-Invernale,2026-02-15,Southampton FC,260.2
Premier_League,2025/2026,Post-Invernale,2026-02-15,Leicester City,236.8
Premier_League,2025/2026,Post-Invernale,2026-02-15,Ipswich Town,183.9
Premier_League,2025/2026,Post-Invernale,2026-02-15,Norwich City,160.8
Premier_League,2025/2026,Post-Invernale,2026-02-15,Sheffield United,131.3
Premier_League,2025/2026,Post-Invernale,2026-02-15,West Bromwich Albion,119.4
Premier_League,2025/2026,Post-Invernale,2026-02-15,Watford FC,115.03
Premier_League,2025/2026,Post-Invernale,2026-02-15,Luton Town,104.4
Premier_League,2025/2026,Post-Invernale,2026-02-15,Middlesbrough FC,104.03
Premier_League,2025/2026,Post-Invernale,2026-02-15,Stoke City,101.2
Premier_League,2025/2026,Post-Invernale,2026-02-15,Swansea City,99.68
Premier_League,2025/2026,Post-Invernale,2026-02-15,Hull City,86.93
Premier_League,2025/2026,Post-Invernale,2026-02-15,Cardiff City,55.86
Premier_League,2025/2026,Post-Invernale,2026-02-15,Queens Park Rangers,55.38
Premier_League,2025/2026,Post-Invernale,2026-02-15,Huddersfield Town,49.75
Premier_League,2025/2026,Post-Invernale,2026-02-15,Reading FC,16.6
Premier_League,2025/2026,Post-Invernale,2026-02-15,Wigan Athletic,14.88
Serie_A,2022/2023,Post-Estivo,2022-09-15,Inter Milan,577.3
Serie_A,2022/2023,Post-Estivo,2022-09-15,AC Milan,557.78
Serie_A,2022/2023,Post-Estivo,2022-09-15,Juventus FC,552.36
Serie_A,2022/2023,Post-Estivo,2022-09-15,SSC Napoli,474.45
Serie_A,2022/2023,Post-Estivo,2022-09-15,Associazione Sportiva Roma,377.35
Serie_A,2022/2023,Post-Estivo,2022-09-15,Atalanta BC,356.22
Serie_A,2022/2023,Post-Estivo,2022-09-15,ACF Fiorentina,308.79
Serie_A,2022/2023,Post-Estivo,2022-09-15,Società Sportiva Lazio S.p.A.,280.96
Serie_A,2022/2023,Post-Estivo,2022-09-15,US Sassuolo,247.26
Serie_A,2022/2023,Post-Estivo,2022-09-15,Torino FC,231.7
Serie_A,2022/2023,Post-Estivo,2022-09-15,Bologna Football Club 1909,181.44
Serie_A,2022/2023,Post-Estivo,2022-09-15,Udinese Calcio,169.73
Serie_A,2022/2023,Post-Estivo,2022-09-15,Hellas Verona,167.12
Serie_A,2022/2023,Post-Estivo,2022-09-15,UC Sampdoria,143.84
Serie_A,2022/2023,Post-Estivo,2022-09-15,Genoa CFC,137.34
Serie_A,2022/2023,Post-Estivo,2022-09-15,Cagliari Calcio,131.14
Serie_A,2022/2023,Post-Estivo,2022-09-15,FC Empoli,122.88
Serie_A,2022/2023,Post-Estivo,2022-09-15,Parma Calcio 1913,89.64
Serie_A,2022/2023,Post-Estivo,2022-09-15,Spezia Calcio,89.48
Serie_A,2022/2023,Post-Estivo,2022-09-15,Venezia FC,77.97
Serie_A,2022/2023,Post-Estivo,2022-09-15,US Salernitana 1919,69.74
Serie_A,2022/2023,Post-Estivo,2022-09-15,US Cremonese,59.35
Serie_A,2022/2023,Post-Estivo,2022-09-15,US Lecce,54.96
Serie_A,2022/2023,Post-Estivo,2022-09-15,AC Monza,42.78
Serie_A,2022/2023,Post-Estivo,2022-09-15,Frosinone Calcio,41.9
Serie_A,2022/2023,Post-Estivo,2022-09-15,Brescia Calcio,38.3
Serie_A,2022/2023,Post-Estivo,2022-09-15,FC Crotone,34.15
Serie_A,2022/2023,Post-Estivo,2022-09-15,Benevento Calcio,26.79
Serie_A,2022/2023,Post-Estivo,2022-09-15,SPAL,24.89
Serie_A,2022/2023,Post-Estivo,2022-09-15,Chievo Verona,22.79
Serie_A,2022/2023,Post-Estivo,2022-09-15,Pisa Sporting Club,19.88
Serie_A,2022/2023,Post-Estivo,2022-09-15,Palermo FC,17.1
Serie_A,2022/2023,Post-Estivo,2022-09-15,Delfino Pescara 1936,15.66
Serie_A,2022/2023,Post-Estivo,2022-09-15,Siena FC,8.19
Serie_A,2022/2023,Post-Estivo,2022-09-15,Catania FC,6.26
Serie_A,2022/2023,Post-Estivo,2022-09-15,Como 1907,5.45
Serie_A,2022/2023,Post-Estivo,2022-09-15,US Livorno 1915,5.04
Serie_A,2022/2023,Post-Estivo,2022-09-15,Cesena FC,4.03
Serie_A,2022/2023,Post-Estivo,2022-09-15,AC Carpi,2.24
Serie_A,2022/2023,Post-Invernale,2023-02-15,Inter Milan,622.29
Serie_A,2022/2023,Post-Invernale,2023-02-15,AC Milan,603.9
Serie_A,2022/2023,Post-Invernale,2023-02-15,SSC Napoli,579.45
Serie_A,2022/2023,Post-Invernale,2023-02-15,Juventus FC,498.26
Serie_A,2022/2023,Post-Invernale,2023-02-15,Associazione Sportiva Roma,410.62
Serie_A,2022/2023,Post-Invernale,2023-02-15,Atalanta BC,356.51
Serie_A,2022/2023,Post-Invernale,2023-02-15,ACF Fiorentina,339.16
Serie_A,2022/2023,Post-Invernale,2023-02-15,Società Sportiva Lazio S.p.A.,301.52
Serie_A,2022/2023,Post-Invernale,2023-02-15,US Sassuolo,220.86
Serie_A,2022/2023,Post-Invernale,2023-02-15,Torino FC,186.18
Serie_A,2022/2023,Post-Invernale,2023-02-15,Udinese Calcio,182.96
Serie_A,2022/2023,Post-Invernale,2023-02-15,Bologna Football Club 1909,166.73
Serie_A,2022/2023,Post-Invernale,2023-02-15,Hellas Verona,125.73
Serie_A,2022/2023,Post-Invernale,2023-02-15,UC Sampdoria,118.54
Serie_A,2022/2023,Post-Invernale,2023-02-15,AC Monza,118.23
Serie_A,2022/2023,Post-Invernale,2023-02-15,FC Empoli,113.71
Serie_A,2022/2023,Post-Invernale,2023-02-15,Genoa CFC,113.61
Serie_A,2022/2023,Post-Invernale,2023-02-15,US Salernitana 1919,109.61
Serie_A,2022/2023,Post-Invernale,2023-02-15,US Lecce,96.33
Serie_A,2022/2023,Post-Invernale,2023-02-15,Spezia Calcio,92.45
Serie_A,2022/2023,Post-Invernale,2023-02-15,US Cremonese,83.6
Serie_A,2022/2023,Post-Invernale,2023-02-15,Parma Calcio 1913,83.32
Serie_A,2022/2023,Post-Invernale,2023-02-15,Cagliari Calcio,75.92
Serie_A,2022/2023,Post-Invernale,2023-02-15,Venezia FC,46.25
Serie_A,2022/2023,Post-Invernale,2023-02-15,Frosinone Calcio,43.05
Serie_A,2022/2023,Post-Invernale,2023-02-15,Brescia Calcio,29.38
Serie_A,2022/2023,Post-Invernale,2023-02-15,Pisa Sporting Club,27.7
Serie_A,2022/2023,Post-Invernale,2023-02-15,Palermo FC,24.7
Serie_A,2022/2023,Post-Invernale,2023-02-15,FC Crotone,22.15
Serie_A,2022/2023,Post-Invernale,2023-02-15,Benevento Calcio,21.92
Serie_A,2022/2023,Post-Invernale,2023-02-15,Chievo Verona,19.69
Serie_A,2022/2023,Post-Invernale,2023-02-15,SPAL,18.81
Serie_A,2022/2023,Post-Invernale,2023-02-15,Delfino Pescara 1936,14.79
Serie_A,2022/2023,Post-Invernale,2023-02-15,Como 1907,9.6
Serie_A,2022/2023,Post-Invernale,2023-02-15,Siena FC,7.82
Serie_A,2022/2023,Post-Invernale,2023-02-15,Catania FC,5.73
Serie_A,2022/2023,Post-Invernale,2023-02-15,US Livorno 1915,4.96
Serie_A,2022/2023,Post-Invernale,2023-02-15,Cesena FC,3.68
Serie_A,2022/2023,Post-Invernale,2023-02-15,AC Carpi,1.54
Serie_A,2023/2024,Post-Estivo,2023-09-15,SSC Napoli,672.46
Serie_A,2023/2024,Post-Estivo,2023-09-15,Inter Milan,627.46
Serie_A,2023/2024,Post-Estivo,2023-09-15,AC Milan,576.04
Serie_A,2023/2024,Post-Estivo,2023-09-15,Juventus FC,459.91
Serie_A,2023/2024,Post-Estivo,2023-09-15,Associazione Sportiva Roma,387.95
Serie_A,2023/2024,Post-Estivo,2023-09-15,Atalanta BC,349.06
Serie_A,2023/2024,Post-Estivo,2023-09-15,ACF Fiorentina,336.74
Serie_A,2023/2024,Post-Estivo,2023-09-15,Società Sportiva Lazio S.p.A.,303.0
Serie_A,2023/2024,Post-Estivo,2023-09-15,Torino FC,215.32
Serie_A,2023/2024,Post-Estivo,2023-09-15,Bologna Football Club 1909,190.42
Serie_A,2023/2024,Post-Estivo,2023-09-15,US Sassuolo,187.74
Serie_A,2023/2024,Post-Estivo,2023-09-15,Udinese Calcio,181.12
Serie_A,2023/2024,Post-Estivo,2023-09-15,AC Monza,136.25
Serie_A,2023/2024,Post-Estivo,2023-09-15,FC Empoli,133.39
Serie_A,2023/2024,Post-Estivo,2023-09-15,US Salernitana 1919,127.96
Serie_A,2023/2024,Post-Estivo,2023-09-15,US Lecce,121.23
Serie_A,2023/2024,Post-Estivo,2023-09-15,Genoa CFC,114.87
Serie_A,2023/2024,Post-Estivo,2023-09-15,Hellas Verona,113.57
Serie_A,2023/2024,Post-Estivo,2023-09-15,UC Sampdoria,111.7
Serie_A,2023/2024,Post-Estivo,2023-09-15,Spezia Calcio,99.29
Serie_A,2023/2024,Post-Estivo,2023-09-15,US Cremonese,80.68
Serie_A,2023/2024,Post-Estivo,2023-09-15,Parma Calcio 1913,77.16
Serie_A,2023/2024,Post-Estivo,2023-09-15,Cagliari Calcio,75.87
Serie_A,2023/2024,Post-Estivo,2023-09-15,Frosinone Calcio,52.66
Serie_A,2023/2024,Post-Estivo,2023-09-15,Venezia FC,45.96
Serie_A,2023/2024,Post-Estivo,2023-09-15,Pisa Sporting Club,26.43
Serie_A,2023/2024,Post-Estivo,2023-09-15,Palermo FC,26.25
Serie_A,2023/2024,Post-Estivo,2023-09-15,Brescia Calcio,24.53
Serie_A,2023/2024,Post-Estivo,2023-09-15,Chievo Verona,19.13
Serie_A,2023/2024,Post-Estivo,2023-09-15,SPAL,18.6
Serie_A,2023/2024,Post-Estivo,2023-09-15,Benevento Calcio,17.77
Serie_A,2023/2024,Post-Estivo,2023-09-15,FC Crotone,17.75
Serie_A,2023/2024,Post-Estivo,2023-09-15,Como 1907,15.95
Serie_A,2023/2024,Post-Estivo,2023-09-15,Delfino Pescara 1936,15.34
Serie_A,2023/2024,Post-Estivo,2023-09-15,Siena FC,7.8
Serie_A,2023/2024,Post-Estivo,2023-09-15,Catania FC,5.56
Serie_A,2023/2024,Post-Estivo,2023-09-15,US Livorno 1915,5.01
Serie_A,2023/2024,Post-Estivo,2023-09-15,Cesena FC,4.68
Serie_A,2023/2024,Post-Estivo,2023-09-15,AC Carpi,1.46
Serie_A,2023/2024,Post-Invernale,2024-02-15,Inter Milan,689.26
Serie_A,2023/2024,Post-Invernale,2024-02-15,SSC Napoli,618.78
Serie_A,2023/2024,Post-Invernale,2024-02-15,AC Milan,586.37
Serie_A,2023/2024,Post-Invernale,2024-02-15,Juventus FC,485.01
Serie_A,2023/2024,Post-Invernale,2024-02-15,Associazione Sportiva Roma,423.9
Serie_A,2023/2024,Post-Invernale,2024-02-15,Atalanta BC,376.46
Serie_A,2023/2024,Post-Invernale,2024-02-15,ACF Fiorentina,369.19
Serie_A,2023/2024,Post-Invernale,2024-02-15,Società Sportiva Lazio S.p.A.,337.98
Serie_A,2023/2024,Post-Invernale,2024-02-15,Bologna Football Club 1909,273.22
Serie_A,2023/2024,Post-Invernale,2024-02-15,Torino FC,220.37
Serie_A,2023/2024,Post-Invernale,2024-02-15,Udinese Calcio,200.72
Serie_A,2023/2024,Post-Invernale,2024-02-15,US Sassuolo,189.64
Serie_A,2023/2024,Post-Invernale,2024-02-15,Genoa CFC,187.07
Serie_A,2023/2024,Post-Invernale,2024-02-15,US Lecce,134.18
Serie_A,2023/2024,Post-Invernale,2024-02-15,AC Monza,126.2
Serie_A,2023/2024,Post-Invernale,2024-02-15,Hellas Verona,125.74
Serie_A,2023/2024,Post-Invernale,2024-02-15,US Salernitana 1919,117.31
Serie_A,2023/2024,Post-Invernale,2024-02-15,Cagliari Calcio,115.47
Serie_A,2023/2024,Post-Invernale,2024-02-15,Frosinone Calcio,111.51
Serie_A,2023/2024,Post-Invernale,2024-02-15,FC Empoli,106.54
Serie_A,2023/2024,Post-Invernale,2024-02-15,Parma Calcio 1913,94.99
Serie_A,2023/2024,Post-Invernale,2024-02-15,UC Sampdoria,85.37
Serie_A,2023/2024,Post-Invernale,2024-02-15,US Cremonese,64.58
Serie_A,2023/2024,Post-Invernale,2024-02-15,Spezia Calcio,50.04
Serie_A,2023/2024,Post-Invernale,2024-02-15,Venezia FC,41.51
Serie_A,2023/2024,Post-Invernale,2024-02-15,Palermo FC,30.63
Serie_A,2023/2024,Post-Invernale,2024-02-15,Brescia Calcio,24.38
Serie_A,2023/2024,Post-Invernale,2024-02-15,Pisa Sporting Club,22.78
Serie_A,2023/2024,Post-Invernale,2024-02-15,Como 1907,21.6
Serie_A,2023/2024,Post-Invernale,2024-02-15,Chievo Verona,18.94
Serie_A,2023/2024,Post-Invernale,2024-02-15,FC Crotone,17.75
Serie_A,2023/2024,Post-Invernale,2024-02-15,SPAL,16.47
Serie_A,2023/2024,Post-Invernale,2024-02-15,Benevento Calcio,15.47
Serie_A,2023/2024,Post-Invernale,2024-02-15,Delfino Pescara 1936,14.46
Serie_A,2023/2024,Post-Invernale,2024-02-15,Siena FC,7.8
Serie_A,2023/2024,Post-Invernale,2024-02-15,Catania FC,5.81
Serie_A,2023/2024,Post-Invernale,2024-02-15,US Livorno 1915,4.79
Serie_A,2023/2024,Post-Invernale,2024-02-15,Cesena FC,2.91
Serie_A,2023/2024,Post-Invernale,2024-02-15,AC Carpi,1.46
Serie_A,2024/2025,Post-Estivo,2024-09-15,Inter Milan,740.71
Serie_A,2024/2025,Post-Estivo,2024-09-15,AC Milan,587.97
Serie_A,2024/2025,Post-Estivo,2024-09-15,SSC Napoli,538.48
Serie_A,2024/2025,Post-Estivo,2024-09-15,Juventus FC,525.01
Serie_A,2024/2025,Post-Estivo,2024-09-15,Atalanta BC,465.16
Serie_A,2024/2025,Post-Estivo,2024-09-15,Associazione Sportiva Roma,422.4
Serie_A,2024/2025,Post-Estivo,2024-09-15,Bologna Football Club 1909,387.77
Serie_A,2024/2025,Post-Estivo,2024-09-15,ACF Fiorentina,364.79
Serie_A,2024/2025,Post-Estivo,2024-09-15,Società Sportiva Lazio S.p.A.,314.15
Serie_A,2024/2025,Post-Estivo,2024-09-15,Torino FC,229.97
Serie_A,2024/2025,Post-Estivo,2024-09-15,Genoa CFC,219.97
Serie_A,2024/2025,Post-Estivo,2024-09-15,Udinese Calcio,203.17
Serie_A,2024/2025,Post-Estivo,2024-09-15,US Sassuolo,157.14
Serie_A,2024/2025,Post-Estivo,2024-09-15,AC Monza,150.6
Serie_A,2024/2025,Post-Estivo,2024-09-15,US Lecce,134.33
Serie_A,2024/2025,Post-Estivo,2024-09-15,Hellas Verona,131.04
Serie_A,2024/2025,Post-Estivo,2024-09-15,Cagliari Calcio,129.97
Serie_A,2024/2025,Post-Estivo,2024-09-15,Frosinone Calcio,122.81
Serie_A,2024/2025,Post-Estivo,2024-09-15,Parma Calcio 1913,114.09
Serie_A,2024/2025,Post-Estivo,2024-09-15,US Salernitana 1919,112.36
Serie_A,2024/2025,Post-Estivo,2024-09-15,UC Sampdoria,95.32
Serie_A,2024/2025,Post-Estivo,2024-09-15,FC Empoli,93.64
Serie_A,2024/2025,Post-Estivo,2024-09-15,US Cremonese,59.88
Serie_A,2024/2025,Post-Estivo,2024-09-15,Venezia FC,46.71
Serie_A,2024/2025,Post-Estivo,2024-09-15,Spezia Calcio,45.14
Serie_A,2024/2025,Post-Estivo,2024-09-15,Como 1907,43.4
Serie_A,2024/2025,Post-Estivo,2024-09-15,Palermo FC,36.38
Serie_A,2024/2025,Post-Estivo,2024-09-15,Brescia Calcio,25.28
Serie_A,2024/2025,Post-Estivo,2024-09-15,Pisa Sporting Club,22.93
Serie_A,2024/2025,Post-Estivo,2024-09-15,Chievo Verona,18.94
Serie_A,2024/2025,Post-Estivo,2024-09-15,FC Crotone,17.6
Serie_A,2024/2025,Post-Estivo,2024-09-15,SPAL,16.37
Serie_A,2024/2025,Post-Estivo,2024-09-15,Benevento Calcio,15.22
Serie_A,2024/2025,Post-Estivo,2024-09-15,Delfino Pescara 1936,13.11
Serie_A,2024/2025,Post-Estivo,2024-09-15,Siena FC,7.8
Serie_A,2024/2025,Post-Estivo,2024-09-15,Catania FC,6.31
Serie_A,2024/2025,Post-Estivo,2024-09-15,US Livorno 1915,4.79
Serie_A,2024/2025,Post-Estivo,2024-09-15,Cesena FC,3.01
Serie_A,2024/2025,Post-Estivo,2024-09-15,AC Carpi,1.46
Serie_A,2024/2025,Post-Invernale,2025-02-15,Inter Milan,781.71
Serie_A,2024/2025,Post-Invernale,2025-02-15,Juventus FC,714.01
Serie_A,2024/2025,Post-Invernale,2025-02-15,SSC Napoli,594.63
Serie_A,2024/2025,Post-Invernale,2025-02-15,AC Milan,590.62
Serie_A,2024/2025,Post-Invernale,2025-02-15,Atalanta BC,549.46
Serie_A,2024/2025,Post-Invernale,2025-02-15,ACF Fiorentina,420.59
Serie_A,2024/2025,Post-Invernale,2025-02-15,Associazione Sportiva Roma,418.4
Serie_A,2024/2025,Post-Invernale,2025-02-15,Società Sportiva Lazio S.p.A.,386.65
Serie_A,2024/2025,Post-Invernale,2025-02-15,Bologna Football Club 1909,352.97
Serie_A,2024/2025,Post-Invernale,2025-02-15,Torino FC,231.77
Serie_A,2024/2025,Post-Invernale,2025-02-15,Udinese Calcio,224.27
Serie_A,2024/2025,Post-Invernale,2025-02-15,Genoa CFC,210.97
Serie_A,2024/2025,Post-Invernale,2025-02-15,Parma Calcio 1913,173.64
Serie_A,2024/2025,Post-Invernale,2025-02-15,Hellas Verona,149.29
Serie_A,2024/2025,Post-Invernale,2025-02-15,US Lecce,145.16
Serie_A,2024/2025,Post-Invernale,2025-02-15,US Sassuolo,135.49
Serie_A,2024/2025,Post-Invernale,2025-02-15,Cagliari Calcio,107.67
Serie_A,2024/2025,Post-Invernale,2025-02-15,Como 1907,107.5
Serie_A,2024/2025,Post-Invernale,2025-02-15,FC Empoli,105.44
Serie_A,2024/2025,Post-Invernale,2025-02-15,AC Monza,101.15
Serie_A,2024/2025,Post-Invernale,2025-02-15,UC Sampdoria,75.67
Serie_A,2024/2025,Post-Invernale,2025-02-15,US Salernitana 1919,74.76
Serie_A,2024/2025,Post-Invernale,2025-02-15,US Cremonese,64.78
Serie_A,2024/2025,Post-Invernale,2025-02-15,Venezia FC,64.36
Serie_A,2024/2025,Post-Invernale,2025-02-15,Spezia Calcio,56.64
Serie_A,2024/2025,Post-Invernale,2025-02-15,Frosinone Calcio,52.51
Serie_A,2024/2025,Post-Invernale,2025-02-15,Pisa Sporting Club,43.13
Serie_A,2024/2025,Post-Invernale,2025-02-15,Palermo FC,39.5
Serie_A,2024/2025,Post-Invernale,2025-02-15,Brescia Calcio,28.23
Serie_A,2024/2025,Post-Invernale,2025-02-15,Chievo Verona,18.94
Serie_A,2024/2025,Post-Invernale,2025-02-15,FC Crotone,17.6
Serie_A,2024/2025,Post-Invernale,2025-02-15,SPAL,16.37
Serie_A,2024/2025,Post-Invernale,2025-02-15,Benevento Calcio,15.37
Serie_A,2024/2025,Post-Invernale,2025-02-15,Delfino Pescara 1936,12.71
Serie_A,2024/2025,Post-Invernale,2025-02-15,Siena FC,7.8
Serie_A,2024/2025,Post-Invernale,2025-02-15,Catania FC,6.46
Serie_A,2024/2025,Post-Invernale,2025-02-15,Cesena FC,6.01
Serie_A,2024/2025,Post-Invernale,2025-02-15,US Livorno 1915,4.79
Serie_A,2024/2025,Post-Invernale,2025-02-15,AC Carpi,1.46
Serie_A,2025/2026,Post-Estivo,2025-09-15,Inter Milan,781.21
Serie_A,2025/2026,Post-Estivo,2025-09-15,Juventus FC,639.01
Serie_A,2025/2026,Post-Estivo,2025-09-15,SSC Napoli,538.63
Serie_A,2025/2026,Post-Estivo,2025-09-15,Atalanta BC,526.36
Serie_A,2025/2026,Post-Estivo,2025-09-15,AC Milan,522.82
Serie_A,2025/2026,Post-Estivo,2025-09-15,Associazione Sportiva Roma,453.9
Serie_A,2025/2026,Post-Estivo,2025-09-15,ACF Fiorentina,428.99
Serie_A,2025/2026,Post-Estivo,2025-09-15,Società Sportiva Lazio S.p.A.,396.7
Serie_A,2025/2026,Post-Estivo,2025-09-15,Bologna Football Club 1909,373.87
Serie_A,2025/2026,Post-Estivo,2025-09-15,Torino FC,259.27
Serie_A,2025/2026,Post-Estivo,2025-09-15,Udinese Calcio,246.37
Serie_A,2025/2026,Post-Estivo,2025-09-15,Genoa CFC,232.42
Serie_A,2025/2026,Post-Estivo,2025-09-15,Parma Calcio 1913,210.14
Serie_A,2025/2026,Post-Estivo,2025-09-15,Como 1907,201.15
Serie_A,2025/2026,Post-Estivo,2025-09-15,Hellas Verona,153.54
Serie_A,2025/2026,Post-Estivo,2025-09-15,US Sassuolo,149.94
Serie_A,2025/2026,Post-Estivo,2025-09-15,US Lecce,131.6
Serie_A,2025/2026,Post-Estivo,2025-09-15,Cagliari Calcio,118.07
Serie_A,2025/2026,Post-Estivo,2025-09-15,FC Empoli,109.34
Serie_A,2025/2026,Post-Estivo,2025-09-15,Venezia FC,82.46
Serie_A,2025/2026,Post-Estivo,2025-09-15,US Salernitana 1919,80.11
Serie_A,2025/2026,Post-Estivo,2025-09-15,AC Monza,77.55
Serie_A,2025/2026,Post-Estivo,2025-09-15,UC Sampdoria,76.97
Serie_A,2025/2026,Post-Estivo,2025-09-15,Spezia Calcio,71.39
Serie_A,2025/2026,Post-Estivo,2025-09-15,Pisa Sporting Club,69.72
Serie_A,2025/2026,Post-Estivo,2025-09-15,US Cremonese,67.22
Serie_A,2025/2026,Post-Estivo,2025-09-15,Frosinone Calcio,59.26
Serie_A,2025/2026,Post-Estivo,2025-09-15,Palermo FC,39.65
Serie_A,2025/2026,Post-Estivo,2025-09-15,Brescia Calcio,27.18
Serie_A,2025/2026,Post-Estivo,2025-09-15,Chievo Verona,18.94
Serie_A,2025/2026,Post-Estivo,2025-09-15,FC Crotone,17.6
Serie_A,2025/2026,Post-Estivo,2025-09-15,SPAL,16.37
Serie_A,2025/2026,Post-Estivo,2025-09-15,Benevento Calcio,16.12
Serie_A,2025/2026,Post-Estivo,2025-09-15,Delfino Pescara 1936,12.71
Serie_A,2025/2026,Post-Estivo,2025-09-15,Cesena FC,8.56
Serie_A,2025/2026,Post-Estivo,2025-09-15,Siena FC,7.8
Serie_A,2025/2026,Post-Estivo,2025-09-15,Catania FC,6.46
Serie_A,2025/2026,Post-Estivo,2025-09-15,US Livorno 1915,4.79
Serie_A,2025/2026,Post-Estivo,2025-09-15,AC Carpi,1.46
Serie_A,2025/2026,Post-Invernale,2026-02-15,Inter Milan,782.21
Serie_A,2025/2026,Post-Invernale,2026-02-15,SSC Napoli,632.03
Serie_A,2025/2026,Post-Invernale,2026-02-15,AC Milan,628.47
Serie_A,2025/2026,Post-Invernale,2026-02-15,Juventus FC,614.01
Serie_A,2025/2026,Post-Invernale,2026-02-15,Associazione Sportiva Roma,564.9
Serie_A,2025/2026,Post-Invernale,2026-02-15,Atalanta BC,525.86
Serie_A,2025/2026,Post-Invernale,2026-02-15,ACF Fiorentina,387.64
Serie_A,2025/2026,Post-Invernale,2026-02-15,Bologna Football Club 1909,369.97
Serie_A,2025/2026,Post-Invernale,2026-02-15,Società Sportiva Lazio S.p.A.,348.7
Serie_A,2025/2026,Post-Invernale,2026-02-15,Como 1907,347.0
Serie_A,2025/2026,Post-Invernale,2026-02-15,Udinese Calcio,244.37
Serie_A,2025/2026,Post-Invernale,2026-02-15,US Sassuolo,224.94
Serie_A,2025/2026,Post-Invernale,2026-02-15,Torino FC,218.47
Serie_A,2025/2026,Post-Invernale,2026-02-15,Parma Calcio 1913,216.39
Serie_A,2025/2026,Post-Invernale,2026-02-15,Genoa CFC,214.27
Serie_A,2025/2026,Post-Invernale,2026-02-15,Hellas Verona,185.82
Serie_A,2025/2026,Post-Invernale,2026-02-15,Cagliari Calcio,173.07
Serie_A,2025/2026,Post-Invernale,2026-02-15,US Lecce,156.91
Serie_A,2025/2026,Post-Invernale,2026-02-15,US Cremonese,124.43
Serie_A,2025/2026,Post-Invernale,2026-02-15,Pisa Sporting Club,103.33
Serie_A,2025/2026,Post-Invernale,2026-02-15,UC Sampdoria,79.57
Serie_A,2025/2026,Post-Invernale,2026-02-15,AC Monza,77.3
Serie_A,2025/2026,Post-Invernale,2026-02-15,US Salernitana 1919,72.61
Serie_A,2025/2026,Post-Invernale,2026-02-15,Frosinone Calcio,56.26
Serie_A,2025/2026,Post-Invernale,2026-02-15,FC Empoli,54.21
Serie_A,2025/2026,Post-Invernale,2026-02-15,Venezia FC,47.54
Serie_A,2025/2026,Post-Invernale,2026-02-15,Spezia Calcio,46.69
Serie_A,2025/2026,Post-Invernale,2026-02-15,Palermo FC,36.9
Serie_A,2025/2026,Post-Invernale,2026-02-15,Brescia Calcio,24.63
Serie_A,2025/2026,Post-Invernale,2026-02-15,Chievo Verona,18.94
Serie_A,2025/2026,Post-Invernale,2026-02-15,FC Crotone,17.52
Serie_A,2025/2026,Post-Invernale,2026-02-15,SPAL,16.37
Serie_A,2025/2026,Post-Invernale,2026-02-15,Delfino Pescara 1936,14.86
Serie_A,2025/2026,Post-Invernale,2026-02-15,Benevento Calcio,14.32
Serie_A,2025/2026,Post-Invernale,2026-02-15,Cesena FC,10.31
Serie_A,2025/2026,Post-Invernale,2026-02-15,Siena FC,7.8
Serie_A,2025/2026,Post-Invernale,2026-02-15,Catania FC,6.46
Serie_A,2025/2026,Post-Invernale,2026-02-15,US Livorno 1915,4.79
Serie_A,2025/2026,Post-Invernale,2026-02-15,AC Carpi,1.46
